ID,Timestamp,SensorInfo,Unit,Value
ca263a7a-d57d-4ed1-b749-e0b7c3d4852f,2023-11-27 17:52:51.302,Test_Raum_2 ( AbraconTemp500Sensor ) ,°C,-92.89090910253606
74e797b5-c537-413b-a59b-bfa1109bbb14,2023-11-27 17:52:51.31,Test_Raum_2 ( AbraconTemp500Sensor ) ,°C,-141.84267462105757
0d9a90dc-564d-46d6-93c0-2a97338e82fd,2023-11-27 17:52:51.321,Test_Raum_2 ( AbraconTemp500Sensor ) ,°C,-139.7731761576371
96e2c732-93af-4a35-a809-2c91616030c3,2023-11-27 17:52:51.331,Test_Raum_2 ( AbraconTemp500Sensor ) ,°C,85.21669420299025
f29179a0-2297-449a-bde4-1efa65e8deb5,2023-11-27 17:52:51.341,Test_Raum_2 ( AbraconTemp500Sensor ) ,°C,237.1845240769623
60210fbd-d631-4b6a-9498-242c27b98685,2023-11-27 17:52:51.35,Test_Raum_2 ( AbraconTemp500Sensor ) ,°C,236.2674548053884
2f97d866-e07f-41c4-9488-03c43260f3bd,2023-11-27 17:52:51.361,Test_Raum_2 ( AbraconTemp500Sensor ) ,°C,228.1045648659359
ef5458b8-41d6-4e80-9d50-8eaa4283fca4,2023-11-27 17:52:51.371,Test_Raum_2 ( AbraconTemp500Sensor ) ,°C,180.73263814552683
4d926c25-beca-47d6-89c7-5ffe4bc108c8,2023-11-27 17:52:51.38,Test_Raum_2 ( AbraconTemp500Sensor ) ,°C,-117.15588272240005
c347d088-ec94-4abc-b936-f477bc171363,2023-11-27 17:52:51.392,Test_Raum_2 ( AbraconTemp500Sensor ) ,°C,8.378178721979282
5a2026e8-48d4-4e33-ae58-6e9f137b4665,2023-11-27 17:52:51.401,Test_Raum_2 ( AbraconTemp500Sensor ) ,°C,112.760384781644
1426cb53-ee9d-4cea-96a8-8fa80d510302,2023-11-27 17:52:51.411,Test_Raum_2 ( AbraconTemp500Sensor ) ,°C,-138.77233206916588
50d66fdd-af9a-424b-9e3c-02deabe84a7c,2023-11-27 17:52:51.422,Test_Raum_2 ( AbraconTemp500Sensor ) ,°C,249.16079326119268
ffa5f2c1-6674-4528-8fa3-7d5c2e87b912,2023-11-27 17:52:51.43,Test_Raum_2 ( AbraconTemp500Sensor ) ,°C,43.793900990530375
bdede893-b6b3-491f-87f8-94d990401971,2023-11-27 17:52:51.441,Test_Raum_2 ( AbraconTemp500Sensor ) ,°C,-17.66169998992885
d3751118-590c-4bd0-9445-e67f53214c51,2023-11-27 17:52:51.451,Test_Raum_2 ( AbraconTemp500Sensor ) ,°C,56.02206174738288
b90a0e5d-78d3-436a-b755-65904214ea6a,2023-11-27 17:52:51.461,Test_Raum_2 ( AbraconTemp500Sensor ) ,°C,-120.90669626476827
57085189-75a0-450e-91df-7861fea4d1fb,2023-11-27 17:52:51.47,Test_Raum_2 ( AbraconTemp500Sensor ) ,°C,-82.97046015460356
d8a9fe88-e3ef-4fff-b3c6-41935c038d67,2023-11-27 17:52:51.481,Test_Raum_2 ( AbraconTemp500Sensor ) ,°C,-34.35709823306887
11a38f26-09e5-4f19-a242-9e55fefa5867,2023-11-27 17:52:51.492,Test_Raum_2 ( AbraconTemp500Sensor ) ,°C,200.25358875031503
39b4262c-07e3-41c5-ae85-6a7d980f7c49,2023-11-27 17:52:51.5,Test_Raum_2 ( AbraconTemp500Sensor ) ,°C,-143.30262497350535
3f1329b0-44c6-4700-866d-b4fe322f1e36,2023-11-27 17:52:51.512,Test_Raum_2 ( AbraconTemp500Sensor ) ,°C,-32.21102127155345
1a6d51da-916a-4e31-bab6-0125cef5da59,2023-11-27 17:52:51.521,Test_Raum_2 ( AbraconTemp500Sensor ) ,°C,-31.952261523363944
79b5cff4-d602-424c-b463-5a1a5bd2e385,2023-11-27 17:52:51.531,Test_Raum_2 ( AbraconTemp500Sensor ) ,°C,166.4075146785603
c4ca0236-4cc0-4f08-9812-f96d1b3fe1c7,2023-11-27 17:52:51.54,Test_Raum_2 ( AbraconTemp500Sensor ) ,°C,80.64258510272884
0a3416bf-8e8f-47e1-a503-389131c6ea8c,2023-11-27 17:52:51.551,Test_Raum_2 ( AbraconTemp500Sensor ) ,°C,183.7474258196928
09e5a1b6-93cd-4c9c-9359-88049ba826b0,2023-11-27 17:52:51.561,Test_Raum_2 ( AbraconTemp500Sensor ) ,°C,-59.32591964866674
d5140751-d415-4e29-996b-f7f409c36c06,2023-11-27 17:52:51.57,Test_Raum_2 ( AbraconTemp500Sensor ) ,°C,-110.11834424089318
2b8f6c3a-7d07-438e-ae7d-3ade727bb461,2023-11-27 17:52:51.581,Test_Raum_2 ( AbraconTemp500Sensor ) ,°C,-130.2881217026021
6f99330f-9a3b-43f9-ae8f-7313b7ac5eb1,2023-11-27 17:52:51.591,Test_Raum_2 ( AbraconTemp500Sensor ) ,°C,70.90917086224746
24ccef40-0c70-4370-9e23-e6d53c87c36a,2023-11-27 17:52:51.601,Test_Raum_2 ( AbraconTemp500Sensor ) ,°C,-21.138149620979988
0d218d29-6ff0-40f6-ad96-301181705c82,2023-11-27 17:52:51.611,Test_Raum_2 ( AbraconTemp500Sensor ) ,°C,-93.96143382934355
a3b36255-8516-47d1-a829-efd49ccedaee,2023-11-27 17:52:51.621,Test_Raum_2 ( AbraconTemp500Sensor ) ,°C,168.88790707628675
506a1ad1-ce0f-469f-a2b6-97eda908af4a,2023-11-27 17:52:51.632,Test_Raum_2 ( AbraconTemp500Sensor ) ,°C,17.90631144519307
2d18af68-ba52-46fb-96eb-9c7f4f2e14ff,2023-11-27 17:52:51.641,Test_Raum_2 ( AbraconTemp500Sensor ) ,°C,-57.92678708031363
5edc758d-c409-4466-8d6e-52d1e7396fd3,2023-11-27 17:52:51.652,Test_Raum_2 ( AbraconTemp500Sensor ) ,°C,177.07062068717232
615a60e9-8903-4b31-a6d7-a79e94a751b6,2023-11-27 17:52:51.661,Test_Raum_2 ( AbraconTemp500Sensor ) ,°C,-24.88189266532983
e483e015-c117-45e7-b6eb-4c30344c3040,2023-11-27 17:52:51.671,Test_Raum_2 ( AbraconTemp500Sensor ) ,°C,-129.1759470235461
a12b859a-bf8f-4467-9ff9-d6add59487c7,2023-11-27 17:52:51.681,Test_Raum_2 ( AbraconTemp500Sensor ) ,°C,105.14782620371159
48cb5125-eb76-474d-be3f-c8958e7607ce,2023-11-27 17:52:51.689,Test_Raum_2 ( AbraconTemp500Sensor ) ,°C,231.12833464099873
d9cc9bd2-8225-4af4-99c9-7d30ce969496,2023-11-27 17:52:51.702,Test_Raum_2 ( AbraconTemp500Sensor ) ,°C,140.3827946269347
9652ba6a-2222-4b47-bc7a-e9079d8108e4,2023-11-27 17:52:51.711,Test_Raum_2 ( AbraconTemp500Sensor ) ,°C,249.27864080568293
46f8d49b-727d-4ff8-bcc4-2905aec7c98c,2023-11-27 17:52:51.721,Test_Raum_2 ( AbraconTemp500Sensor ) ,°C,-142.21389989081123
4140ec20-764a-4b95-af08-58c71a97e811,2023-11-27 17:52:51.732,Test_Raum_2 ( AbraconTemp500Sensor ) ,°C,160.9577598168152
234d46a1-5fea-4b2c-8885-1672e7286b08,2023-11-27 17:52:51.741,Test_Raum_2 ( AbraconTemp500Sensor ) ,°C,120.21101622792241
1ff0a3fa-765c-490d-a5e9-f169d415c55f,2023-11-27 17:52:51.751,Test_Raum_2 ( AbraconTemp500Sensor ) ,°C,-136.35626015402468
c6998861-2945-464d-a153-914c976846dc,2023-11-27 17:52:51.761,Test_Raum_2 ( AbraconTemp500Sensor ) ,°C,215.4215387114395
daf8eba9-d0d5-4b9d-aa15-a2437c590985,2023-11-27 17:52:51.772,Test_Raum_2 ( AbraconTemp500Sensor ) ,°C,44.25590647282246
a97b1b83-55d0-4034-8672-155b7b4201e2,2023-11-27 17:52:51.78,Test_Raum_2 ( AbraconTemp500Sensor ) ,°C,255.52572961391803
32306e60-e581-4507-81f5-1d248ac510e2,2023-11-27 17:52:51.791,Test_Raum_2 ( AbraconTemp500Sensor ) ,°C,139.32152551749715
5ef3f3f7-616b-48d8-8f65-c5a51e7ac1ad,2023-11-27 17:52:51.799,Test_Raum_2 ( AbraconTemp500Sensor ) ,°C,182.23734262716266
060aea1d-e32f-4d8e-8d3d-5bc53318839b,2023-11-27 17:52:51.811,Test_Raum_2 ( AbraconTemp500Sensor ) ,°C,-96.4890639409686
89e71a34-2b25-473d-9383-99a0035dfd8c,2023-11-27 17:52:51.821,Test_Raum_2 ( AbraconTemp500Sensor ) ,°C,134.20298603728082
d4a235cf-984f-400e-86a7-1244eb434a2f,2023-11-27 17:52:51.829,Test_Raum_2 ( AbraconTemp500Sensor ) ,°C,-21.55414234573101
5353e86e-2e70-4d9a-8b59-ee266ade38f2,2023-11-27 17:52:51.842,Test_Raum_2 ( AbraconTemp500Sensor ) ,°C,115.04021441426318
05f3675d-034b-42cf-aa50-574d2c5eb937,2023-11-27 17:52:51.851,Test_Raum_2 ( AbraconTemp500Sensor ) ,°C,240.30209799049936
87d9f35b-d83b-4a13-b3ff-2ed9122f6948,2023-11-27 17:52:51.861,Test_Raum_2 ( AbraconTemp500Sensor ) ,°C,89.0443968126622
989da241-3f75-4bb8-ba63-e7dbd585fb84,2023-11-27 17:52:51.87,Test_Raum_2 ( AbraconTemp500Sensor ) ,°C,217.45559600840966
e424c37c-2dd1-4733-b6e7-1fc75a242a15,2023-11-27 17:52:51.881,Test_Raum_2 ( AbraconTemp500Sensor ) ,°C,-59.61406748774273
3f05e091-58b9-400f-a700-c6813d8c0201,2023-11-27 17:52:51.891,Test_Raum_2 ( AbraconTemp500Sensor ) ,°C,-149.3443215646655
d870e493-7bd7-42d9-8281-740de0d641f1,2023-11-27 17:52:51.9,Test_Raum_2 ( AbraconTemp500Sensor ) ,°C,7.617505318579191
2f284fb1-2ec7-42dc-919b-0bd3e9b68006,2023-11-27 17:52:51.911,Test_Raum_2 ( AbraconTemp500Sensor ) ,°C,173.03253968243445
494c0586-6df2-46b2-8346-45122c76e622,2023-11-27 17:52:51.921,Test_Raum_2 ( AbraconTemp500Sensor ) ,°C,209.85455827085002
c069f94c-4143-48b1-bb4e-4c2226523f54,2023-11-27 17:52:51.931,Test_Raum_2 ( AbraconTemp500Sensor ) ,°C,-63.54939757605726
4f4c4410-c81d-4221-a3e1-d434eb65e514,2023-11-27 17:52:51.939,Test_Raum_2 ( AbraconTemp500Sensor ) ,°C,28.121349669880402
f86ae955-cbb7-4e21-9bab-7739bc1fb9ae,2023-11-27 17:52:51.952,Test_Raum_2 ( AbraconTemp500Sensor ) ,°C,183.39604672427282
e2c2f010-dd66-4c25-a9c3-015e5e8d533b,2023-11-27 17:52:51.96,Test_Raum_2 ( AbraconTemp500Sensor ) ,°C,82.59956957530946
1427c38f-b53e-4127-b6eb-f43b40850384,2023-11-27 17:52:51.972,Test_Raum_2 ( AbraconTemp500Sensor ) ,°C,40.495461164520265
cdedc1e0-4d23-4c96-bbe5-6d2337c4771a,2023-11-27 17:52:51.981,Test_Raum_2 ( AbraconTemp500Sensor ) ,°C,131.07651108942372
6bb02b60-815c-4af9-adaa-541278d544da,2023-11-27 17:52:51.991,Test_Raum_2 ( AbraconTemp500Sensor ) ,°C,100.61318303195691
c61fc423-b23b-4d98-900c-f85333307bde,2023-11-27 17:52:52.0,Test_Raum_2 ( AbraconTemp500Sensor ) ,°C,176.9727456161101
2d8ca79a-f7a4-4e27-b471-9d864da91462,2023-11-27 17:52:52.011,Test_Raum_2 ( AbraconTemp500Sensor ) ,°C,-49.82041243717241
b76ff475-e513-4d35-94cf-ec07f18d8618,2023-11-27 17:52:52.02,Test_Raum_2 ( AbraconTemp500Sensor ) ,°C,112.83952924979633
1c67c215-2182-4046-9500-7f0eb1a8f7b4,2023-11-27 17:52:52.031,Test_Raum_2 ( AbraconTemp500Sensor ) ,°C,-69.7249778217167
194959a6-05bb-46a1-a3e7-3c02e66abcda,2023-11-27 17:52:52.042,Test_Raum_2 ( AbraconTemp500Sensor ) ,°C,-31.091283284552276
9ef9f110-21e4-4a85-876b-f99878d244bc,2023-11-27 17:52:52.05,Test_Raum_2 ( AbraconTemp500Sensor ) ,°C,63.20300689796153
f4e6bf88-9ebc-4e9a-8347-266472b0f587,2023-11-27 17:52:52.061,Test_Raum_2 ( AbraconTemp500Sensor ) ,°C,56.58592541063814
1c69585b-dbe6-4027-ae31-0add435c1b99,2023-11-27 17:52:52.069,Test_Raum_2 ( AbraconTemp500Sensor ) ,°C,51.78773132027953
7e43c558-d559-4789-a313-e540d337d7f2,2023-11-27 17:52:52.081,Test_Raum_2 ( AbraconTemp500Sensor ) ,°C,5.5338218242418975
7dd24802-56bc-4488-b014-3c3a86d27de4,2023-11-27 17:52:52.091,Test_Raum_2 ( AbraconTemp500Sensor ) ,°C,-8.881390012420354
c1522d8b-20fb-49fd-ac9a-c2819a7d9184,2023-11-27 17:52:52.1,Test_Raum_2 ( AbraconTemp500Sensor ) ,°C,142.55162474845122
3a42642f-07c4-40cc-b3bf-16d13b351e36,2023-11-27 17:52:52.111,Test_Raum_2 ( AbraconTemp500Sensor ) ,°C,27.946080962141167
097fe15f-a53d-42e1-aeca-e9d90850c335,2023-11-27 17:52:52.12,Test_Raum_2 ( AbraconTemp500Sensor ) ,°C,79.83049769910602
b0a35459-187a-43ea-b2a7-a563528c17b6,2023-11-27 17:52:52.132,Test_Raum_2 ( AbraconTemp500Sensor ) ,°C,21.780271279915922
1d418563-c7d5-4c02-9091-874de1b21be9,2023-11-27 17:52:52.141,Test_Raum_2 ( AbraconTemp500Sensor ) ,°C,209.10769455303802
8f5ac0cb-ff6a-4a89-b101-552b920dcfed,2023-11-27 17:52:52.152,Test_Raum_2 ( AbraconTemp500Sensor ) ,°C,241.96718814184533
5f62496d-b9fe-4e90-add5-62f91dc6d50e,2023-11-27 17:52:52.161,Test_Raum_2 ( AbraconTemp500Sensor ) ,°C,206.39593445562008
5f4d47bd-aa35-4afc-bd86-98765ae60de6,2023-11-27 17:52:52.171,Test_Raum_2 ( AbraconTemp500Sensor ) ,°C,-13.503490853596787
ce0693e2-650b-4f33-824b-79ef2fde5945,2023-11-27 17:52:52.182,Test_Raum_2 ( AbraconTemp500Sensor ) ,°C,-24.834072053602156
f79cb207-f371-4c6d-8f85-dfa5bdb73423,2023-11-27 17:52:52.191,Test_Raum_2 ( AbraconTemp500Sensor ) ,°C,187.94647947610798
5709ee91-c372-4347-abda-adddb5ba5dbb,2023-11-27 17:52:52.201,Test_Raum_2 ( AbraconTemp500Sensor ) ,°C,-30.090652145234827
37d4c25f-edf5-4178-911e-d8d9985211a2,2023-11-27 17:52:52.21,Test_Raum_2 ( AbraconTemp500Sensor ) ,°C,-96.31034121084451
6d04afba-70af-4e38-a166-7a55be7435a3,2023-11-27 17:52:52.22,Test_Raum_2 ( AbraconTemp500Sensor ) ,°C,254.8866115936143
94085a77-ef50-4a8e-9d57-2fd181e02039,2023-11-27 17:52:52.229,Test_Raum_2 ( AbraconTemp500Sensor ) ,°C,122.81662647979039
092ff513-cf17-4cc0-bf2a-aedb44b7ed33,2023-11-27 17:52:52.241,Test_Raum_2 ( AbraconTemp500Sensor ) ,°C,-85.26797436681709
64f3a48d-907d-479f-bd25-b396a91b4d67,2023-11-27 17:52:52.252,Test_Raum_2 ( AbraconTemp500Sensor ) ,°C,111.55449913536074
600ad8a3-f8d8-4047-af9c-b14d42e25b97,2023-11-27 17:52:52.261,Test_Raum_2 ( AbraconTemp500Sensor ) ,°C,244.0720955835783
17840278-21dd-4aa3-aa22-1a9e9578090c,2023-11-27 17:52:52.271,Test_Raum_2 ( AbraconTemp500Sensor ) ,°C,165.4447392520949
40dedc7e-055a-467f-8b61-c32be19afd00,2023-11-27 17:52:52.282,Test_Raum_2 ( AbraconTemp500Sensor ) ,°C,-100.9271268456989
2901d5d6-7ec4-43e0-a1f8-7b66a5a225f6,2023-11-27 17:52:52.291,Test_Raum_2 ( AbraconTemp500Sensor ) ,°C,-123.93232632092375
6b4ce703-9ee0-4373-b7ca-c4341710c3df,2023-11-27 17:52:52.3,Test_Raum_2 ( AbraconTemp500Sensor ) ,°C,-49.18652138854556
da94d0b9-efb3-4d3c-b2b5-5ca4e305845a,2023-11-27 17:52:52.311,Test_Raum_2 ( AbraconTemp500Sensor ) ,°C,212.49240775965217
6ebbf4ee-388d-467e-a63f-e54279656e41,2023-11-27 17:52:52.322,Test_Raum_2 ( AbraconTemp500Sensor ) ,°C,-0.050803865728823894
45b60647-19d8-43b0-8238-d75ecf122dc1,2023-11-27 17:52:52.33,Test_Raum_2 ( AbraconTemp500Sensor ) ,°C,230.73481475453963
18455c2e-b1b0-4da0-ad62-6a0080a2c454,2023-11-27 17:52:52.341,Test_Raum_2 ( AbraconTemp500Sensor ) ,°C,114.37458591662164
2ef8344d-7014-4745-b09c-7f5587fbab8e,2023-11-27 17:52:52.351,Test_Raum_2 ( AbraconTemp500Sensor ) ,°C,147.56462029897955
30f8caf3-5a37-44ca-b8fb-8946ccc5c2d9,2023-11-27 17:52:52.359,Test_Raum_2 ( AbraconTemp500Sensor ) ,°C,-125.64808241267099
4675542a-b29f-4008-b1ee-8e44dcc75360,2023-11-27 17:52:52.372,Test_Raum_2 ( AbraconTemp500Sensor ) ,°C,149.936271838577
af8e2933-2251-44dd-910e-f6b10382ea18,2023-11-27 17:52:52.38,Test_Raum_2 ( AbraconTemp500Sensor ) ,°C,252.23456771233992
0bca939b-016a-4b4e-87d2-68b54f16df12,2023-11-27 17:52:52.392,Test_Raum_2 ( AbraconTemp500Sensor ) ,°C,99.47647394502548
af415982-37b1-4901-a789-4051ac3a76d9,2023-11-27 17:52:52.401,Test_Raum_2 ( AbraconTemp500Sensor ) ,°C,51.13183640714274
e4c074ae-c59a-45fd-a10f-8c8b1d947b9b,2023-11-27 17:52:52.411,Test_Raum_2 ( AbraconTemp500Sensor ) ,°C,207.3809992354491
2f047e96-9ecc-47e6-b71d-b81c8e03bace,2023-11-27 17:52:52.42,Test_Raum_2 ( AbraconTemp500Sensor ) ,°C,-58.30135425391356
979f6fdb-b8e0-479f-9037-0c68901a3f2b,2023-11-27 17:52:52.431,Test_Raum_2 ( AbraconTemp500Sensor ) ,°C,49.77956340436356
b3cc647c-026b-4773-87b5-b154ac6b9e09,2023-11-27 17:52:52.442,Test_Raum_2 ( AbraconTemp500Sensor ) ,°C,-83.63041765473614
0fb28703-66e5-4d56-9833-d72f75366d92,2023-11-27 17:52:52.451,Test_Raum_2 ( AbraconTemp500Sensor ) ,°C,42.858655602319516
370ae5b6-905d-4400-8899-c38bb5e6ac48,2023-11-27 17:52:52.461,Test_Raum_2 ( AbraconTemp500Sensor ) ,°C,69.87123723350703
81d1620f-c9ef-4d6f-a979-f0058c449fa7,2023-11-27 17:52:52.472,Test_Raum_2 ( AbraconTemp500Sensor ) ,°C,25.349927476915298
6b83afb6-6275-4376-924e-141c94b53d24,2023-11-27 17:52:52.481,Test_Raum_2 ( AbraconTemp500Sensor ) ,°C,174.27538614449588
448c657a-aefa-40b0-881e-4d99f73103aa,2023-11-27 17:52:52.491,Test_Raum_2 ( AbraconTemp500Sensor ) ,°C,-75.42662282022239
d0299947-9e8b-4522-81ed-ffb9eb6ade18,2023-11-27 17:52:52.501,Test_Raum_2 ( AbraconTemp500Sensor ) ,°C,26.131611807626058
ca237091-95d1-4beb-bb35-9def55b2b66f,2023-11-27 17:52:52.51,Test_Raum_2 ( AbraconTemp500Sensor ) ,°C,152.62634263588996
341b1bac-97c2-4d15-90fb-d22af5bcd322,2023-11-27 17:52:52.521,Test_Raum_2 ( AbraconTemp500Sensor ) ,°C,46.28674726038997
232201d8-3782-42cb-b8cd-e00de8e781c7,2023-11-27 17:52:52.531,Test_Raum_2 ( AbraconTemp500Sensor ) ,°C,230.49068139244577
d40d102e-32d9-4088-b2c8-2ee4b6b61b22,2023-11-27 17:52:52.542,Test_Raum_2 ( AbraconTemp500Sensor ) ,°C,-133.7730296535169
cc0d5d10-b110-4110-b32d-d17968d9e12d,2023-11-27 17:52:52.55,Test_Raum_2 ( AbraconTemp500Sensor ) ,°C,6.343565085310985
641b0cd7-0152-468f-9cdf-274f8b5bf130,2023-11-27 17:52:52.561,Test_Raum_2 ( AbraconTemp500Sensor ) ,°C,20.12649781846423
2425b029-c4a4-45a6-9c6c-7a4ecc95697b,2023-11-27 17:52:52.571,Test_Raum_2 ( AbraconTemp500Sensor ) ,°C,100.3569102326251
0ccc4836-ea79-4a2e-aad5-12954c3a29f3,2023-11-27 17:52:52.58,Test_Raum_2 ( AbraconTemp500Sensor ) ,°C,-129.6927979127229
28d71e62-8bc5-480e-b846-b59f22e7d28a,2023-11-27 17:52:52.591,Test_Raum_2 ( AbraconTemp500Sensor ) ,°C,79.87330402517944
29f750fd-5e44-421d-8c8d-4cce93c59465,2023-11-27 17:52:52.601,Test_Raum_2 ( AbraconTemp500Sensor ) ,°C,-56.070016048751114
062d2693-cf95-4126-94b6-793979798b15,2023-11-27 17:52:52.61,Test_Raum_2 ( AbraconTemp500Sensor ) ,°C,215.59506609020008
9e753fca-9d5a-4857-a9c4-0f4ed5d5e734,2023-11-27 17:52:52.621,Test_Raum_2 ( AbraconTemp500Sensor ) ,°C,-39.25232874078765
69e9c345-9401-466f-9666-45c6af668e08,2023-11-27 17:52:52.631,Test_Raum_2 ( AbraconTemp500Sensor ) ,°C,-131.71402550667133
bc1743c6-57ac-4972-9939-fc993314d9fe,2023-11-27 17:52:52.641,Test_Raum_2 ( AbraconTemp500Sensor ) ,°C,-79.75662275799846
5dc7ee29-89b7-4149-88a4-9f8d12a75724,2023-11-27 17:52:52.65,Test_Raum_2 ( AbraconTemp500Sensor ) ,°C,-123.70860344206575
e7fc5496-57d2-4606-a41a-e49f57e89b93,2023-11-27 17:52:52.661,Test_Raum_2 ( AbraconTemp500Sensor ) ,°C,83.08739551801688
c28dfc22-acf1-4869-b7b9-b0b537d5780a,2023-11-27 17:52:52.672,Test_Raum_2 ( AbraconTemp500Sensor ) ,°C,-60.377731170169255
4997f4fc-651b-4393-89ae-796526ff3e1d,2023-11-27 17:52:52.681,Test_Raum_2 ( AbraconTemp500Sensor ) ,°C,-69.04154698560843
81cb0008-15d6-41d9-9a85-da53dfe471a0,2023-11-27 17:52:52.691,Test_Raum_2 ( AbraconTemp500Sensor ) ,°C,-108.47405638177395
9dea8971-7f91-441f-805d-4478785ff78a,2023-11-27 17:52:52.701,Test_Raum_2 ( AbraconTemp500Sensor ) ,°C,-145.84467606336167
f73a238a-4fef-424a-8a4e-316bb66c764d,2023-11-27 17:52:52.711,Test_Raum_2 ( AbraconTemp500Sensor ) ,°C,-73.5024949491779
90d84385-9d1d-4f9e-b9a0-80623d80bd9e,2023-11-27 17:52:52.721,Test_Raum_2 ( AbraconTemp500Sensor ) ,°C,59.00141596295174
35c8d72e-1642-4088-9687-b57d18d9a8bb,2023-11-27 17:52:52.73,Test_Raum_2 ( AbraconTemp500Sensor ) ,°C,-86.42332513819034
ae5c44ce-7a82-4179-8d2b-775d8093b2ce,2023-11-27 17:52:52.742,Test_Raum_2 ( AbraconTemp500Sensor ) ,°C,-101.98798028027501
996f615c-4bc5-4ead-b86a-8e680da68dfd,2023-11-27 17:52:52.751,Test_Raum_2 ( AbraconTemp500Sensor ) ,°C,-109.45543099078337
c22af79f-04af-41c4-b75f-a2ced43c9848,2023-11-27 17:52:52.761,Test_Raum_2 ( AbraconTemp500Sensor ) ,°C,-79.26349348895262
c0fc51ce-5eae-44c5-8cc2-be6ffd7cc9c2,2023-11-27 17:52:52.772,Test_Raum_2 ( AbraconTemp500Sensor ) ,°C,-69.07762112962695
6b40a585-2f97-4904-8198-785fe57d1a24,2023-11-27 17:52:52.781,Test_Raum_2 ( AbraconTemp500Sensor ) ,°C,169.34600620726195
6b2434a5-adae-40b9-abc4-96293b20fbc7,2023-11-27 17:52:52.791,Test_Raum_2 ( AbraconTemp500Sensor ) ,°C,110.7531516043544
25b25dd6-ef74-4047-9063-05f061023df3,2023-11-27 17:52:52.802,Test_Raum_2 ( AbraconTemp500Sensor ) ,°C,-17.27123047527735
0cc1c603-af1c-4646-8929-4d08560c78a7,2023-11-27 17:52:52.81,Test_Raum_2 ( AbraconTemp500Sensor ) ,°C,-89.10936154380337
3ee03c24-ea1b-4bf9-88ed-74de0db3842e,2023-11-27 17:52:52.822,Test_Raum_2 ( AbraconTemp500Sensor ) ,°C,-109.89827462529087
c703516b-f038-41ee-baae-edc5da77b8db,2023-11-27 17:52:52.831,Test_Raum_2 ( AbraconTemp500Sensor ) ,°C,-29.077335325572562
5bf01776-6282-48e1-9635-1d7fa2442caf,2023-11-27 17:52:52.841,Test_Raum_2 ( AbraconTemp500Sensor ) ,°C,93.76585909186221
32386366-2a20-4b86-afe3-feadc02dc354,2023-11-27 17:52:52.852,Test_Raum_2 ( AbraconTemp500Sensor ) ,°C,-121.93029655686742
502a78e9-1ab3-4888-952f-a90989bc18e0,2023-11-27 17:52:52.86,Test_Raum_2 ( AbraconTemp500Sensor ) ,°C,3.0189323291617143
87e02c5e-b0e4-4ace-bd3b-a4131d182889,2023-11-27 17:52:52.872,Test_Raum_2 ( AbraconTemp500Sensor ) ,°C,-58.542660591615075
a48e7284-8ed4-41dc-bb93-2a906cde0a74,2023-11-27 17:52:52.88,Test_Raum_2 ( AbraconTemp500Sensor ) ,°C,7.852817051922017
2c8d798b-6d90-4467-a055-b328537c7d36,2023-11-27 17:52:52.891,Test_Raum_2 ( AbraconTemp500Sensor ) ,°C,95.46353927522779
476a0e0f-b475-456e-9d41-40ffff5d459a,2023-11-27 17:52:52.899,Test_Raum_2 ( AbraconTemp500Sensor ) ,°C,183.78200142349942
2a79ae0e-9cbb-45c3-97a0-4021715e131c,2023-11-27 17:52:52.911,Test_Raum_2 ( AbraconTemp500Sensor ) ,°C,-108.23881566730333
cf1ae5ae-827a-4f54-8e52-1480128f0173,2023-11-27 17:52:52.921,Test_Raum_2 ( AbraconTemp500Sensor ) ,°C,159.5569824572201
d8286375-ab19-4082-8277-1d40dd054fdb,2023-11-27 17:52:52.931,Test_Raum_2 ( AbraconTemp500Sensor ) ,°C,-21.976886096434782
ab947ef5-7ce9-4950-b96a-2a13fd684f79,2023-11-27 17:52:52.941,Test_Raum_2 ( AbraconTemp500Sensor ) ,°C,-131.01710306119693
58d38bd7-db19-499c-87e8-46e588ccbcc4,2023-11-27 17:52:52.951,Test_Raum_2 ( AbraconTemp500Sensor ) ,°C,184.06316809499134
f5c5c27d-9b3a-473b-b694-48fe97da8cd6,2023-11-27 17:52:52.962,Test_Raum_2 ( AbraconTemp500Sensor ) ,°C,-108.26576545838762
0aa0532a-0500-46a4-b660-59cd35aa395a,2023-11-27 17:52:52.971,Test_Raum_2 ( AbraconTemp500Sensor ) ,°C,64.95523407343057
be3c9e79-be22-49b3-ad30-3522b80bea69,2023-11-27 17:52:52.981,Test_Raum_2 ( AbraconTemp500Sensor ) ,°C,180.6601595155568
7b6256bb-eee5-4073-915c-c5f7a206b94f,2023-11-27 17:52:52.992,Test_Raum_2 ( AbraconTemp500Sensor ) ,°C,5.543475924120401
10dd7f72-7445-462f-bdca-656e57fb32ff,2023-11-27 17:52:53.001,Test_Raum_2 ( AbraconTemp500Sensor ) ,°C,184.8440469915841
531f8e55-be26-4c61-9f6b-607d697176f7,2023-11-27 17:52:53.011,Test_Raum_2 ( AbraconTemp500Sensor ) ,°C,31.04570020661012
06f48b84-5f7e-4017-bcb8-9d315cb10066,2023-11-27 17:52:53.021,Test_Raum_2 ( AbraconTemp500Sensor ) ,°C,94.42216799966863
f3874452-9887-478f-95c1-bf9e00c6c328,2023-11-27 17:52:53.03,Test_Raum_2 ( AbraconTemp500Sensor ) ,°C,176.41838898494274
24695bfc-d143-407c-b8d9-a41a33ded93d,2023-11-27 17:52:53.041,Test_Raum_2 ( AbraconTemp500Sensor ) ,°C,-117.33258696329418
5b34735e-ca24-4327-a3bc-c793af97e074,2023-11-27 17:52:53.052,Test_Raum_2 ( AbraconTemp500Sensor ) ,°C,-82.75679570610208
450b65f0-ce77-4d91-bd6d-85b98422ee39,2023-11-27 17:52:53.06,Test_Raum_2 ( AbraconTemp500Sensor ) ,°C,-4.385119105108203
ddfee837-58ff-4919-8841-e0e8bd8b5748,2023-11-27 17:52:53.071,Test_Raum_2 ( AbraconTemp500Sensor ) ,°C,44.916761157212164
a03ccf40-024f-4d78-87ce-8208c640442b,2023-11-27 17:52:53.08,Test_Raum_2 ( AbraconTemp500Sensor ) ,°C,158.5602571358537
159b0bb3-1380-4db5-8d3b-16b23be87dc8,2023-11-27 17:52:53.091,Test_Raum_2 ( AbraconTemp500Sensor ) ,°C,148.73765174132876
09812b32-8674-4849-9f7e-61c58dc2f533,2023-11-27 17:52:53.101,Test_Raum_2 ( AbraconTemp500Sensor ) ,°C,255.0367215010981
203a081e-4a8c-42ba-a8eb-ac0a4d330b1d,2023-11-27 17:52:53.111,Test_Raum_2 ( AbraconTemp500Sensor ) ,°C,0.2765068510533695
403574db-74dd-4226-80a8-9f043fb4619f,2023-11-27 17:52:53.122,Test_Raum_2 ( AbraconTemp500Sensor ) ,°C,-78.36003519003091
f5cb73ea-d3ec-489c-85bd-dcc9895f0770,2023-11-27 17:52:53.13,Test_Raum_2 ( AbraconTemp500Sensor ) ,°C,-18.118881362688086
31fe615b-bc1f-4313-bc60-ff5b1c9b1e87,2023-11-27 17:52:53.141,Test_Raum_2 ( AbraconTemp500Sensor ) ,°C,-61.38171551302115
94e8fc7b-38a5-4c60-b7f4-dbc9bd08bda6,2023-11-27 17:52:53.152,Test_Raum_2 ( AbraconTemp500Sensor ) ,°C,98.2927262827703
ff7edcd1-1f02-4bc4-a942-883207b89262,2023-11-27 17:52:53.16,Test_Raum_2 ( AbraconTemp500Sensor ) ,°C,70.22716935419382
7110b234-3595-45ae-ad2f-9ae365720579,2023-11-27 17:52:53.171,Test_Raum_2 ( AbraconTemp500Sensor ) ,°C,-35.11237967090892
d8830fc0-f35b-44f8-8ad6-3f4a8877beb7,2023-11-27 17:52:53.18,Test_Raum_2 ( AbraconTemp500Sensor ) ,°C,19.823135476049515
fef51e5d-a387-4a1f-a15f-b6164cf39cab,2023-11-27 17:52:53.191,Test_Raum_2 ( AbraconTemp500Sensor ) ,°C,-43.19730945344247
a8075197-1ea6-4a72-a078-76b3fbd5a628,2023-11-27 17:52:53.202,Test_Raum_2 ( AbraconTemp500Sensor ) ,°C,119.17332768805852
08282cde-9334-4688-ae12-f00c468f2e19,2023-11-27 17:52:53.21,Test_Raum_2 ( AbraconTemp500Sensor ) ,°C,201.5883371785825
c1a58c14-43cd-44fa-8620-c6dc0e77359f,2023-11-27 17:52:53.222,Test_Raum_2 ( AbraconTemp500Sensor ) ,°C,150.52291153903013
2643b31f-3660-4e30-9a3b-4a43409b9439,2023-11-27 17:52:53.231,Test_Raum_2 ( AbraconTemp500Sensor ) ,°C,114.81927522625585
a3594d66-ca79-463f-b50e-3dd668f5eb74,2023-11-27 17:52:53.241,Test_Raum_2 ( AbraconTemp500Sensor ) ,°C,138.3013691684784
c86ca6eb-2466-491e-a24e-a0f4a629b8ae,2023-11-27 17:52:53.251,Test_Raum_2 ( AbraconTemp500Sensor ) ,°C,58.955786843612174
a9a1d2d3-6b45-46b5-9f44-f96bad7611b1,2023-11-27 17:52:53.26,Test_Raum_2 ( AbraconTemp500Sensor ) ,°C,230.2582976741885
3ef366d8-2023-42e9-9fc6-93d93e1c502e,2023-11-27 17:52:53.27,Test_Raum_2 ( AbraconTemp500Sensor ) ,°C,218.0982555647402
ca60879c-acad-4bfd-a00f-5e01456b49dd,2023-11-27 17:52:53.281,Test_Raum_2 ( AbraconTemp500Sensor ) ,°C,224.30278511937888
b62f67fb-73a2-4a68-88e6-46ca4e845552,2023-11-27 17:52:53.289,Test_Raum_2 ( AbraconTemp500Sensor ) ,°C,100.2124442217777
c71e7101-afbf-492e-8372-2652e26c85e4,2023-11-27 17:52:53.301,Test_Raum_2 ( AbraconTemp500Sensor ) ,°C,232.5969003851851
2b65b4eb-5a6e-4e01-8747-3ce295d729e2,2023-11-27 17:52:53.311,Test_Raum_2 ( AbraconTemp500Sensor ) ,°C,38.73493555564659
171397e3-a599-4248-96dd-f301e9331ef1,2023-11-27 17:52:53.319,Test_Raum_2 ( AbraconTemp500Sensor ) ,°C,229.02938716148657
337b36df-6651-4985-97d6-4811249d8b4d,2023-11-27 17:52:53.332,Test_Raum_2 ( AbraconTemp500Sensor ) ,°C,68.2962454533712
91122cd1-d8f5-460e-93a3-41ccf86414b4,2023-11-27 17:52:53.341,Test_Raum_2 ( AbraconTemp500Sensor ) ,°C,24.34421506194505
2fac2f6b-6f19-43e0-be58-01dae63c75ad,2023-11-27 17:52:53.351,Test_Raum_2 ( AbraconTemp500Sensor ) ,°C,-140.5580757511651
590881cb-7c83-425f-aef0-c7eafc5dcee9,2023-11-27 17:52:53.36,Test_Raum_2 ( AbraconTemp500Sensor ) ,°C,-56.95026492980833
f686cb9d-cb78-42ad-bb38-1e2f7e929756,2023-11-27 17:52:53.371,Test_Raum_2 ( AbraconTemp500Sensor ) ,°C,124.5198978352123
b93e6302-b71d-4ce1-9150-db073e783060,2023-11-27 17:52:53.38,Test_Raum_2 ( AbraconTemp500Sensor ) ,°C,-90.65357136665361
09c1ac7c-6354-407d-8fd9-8036e7b6d7e2,2023-11-27 17:52:53.391,Test_Raum_2 ( AbraconTemp500Sensor ) ,°C,-17.50496085921003
824223a3-601e-44a8-9bfa-02dfb9f27686,2023-11-27 17:52:53.401,Test_Raum_2 ( AbraconTemp500Sensor ) ,°C,232.61067654725736
3f18e534-ffad-422c-bbb7-3248f9fe07c0,2023-11-27 17:52:53.409,Test_Raum_2 ( AbraconTemp500Sensor ) ,°C,219.0574758985619
83547ec2-efcf-4d62-9e5c-111708a9d648,2023-11-27 17:52:53.421,Test_Raum_2 ( AbraconTemp500Sensor ) ,°C,101.93041133030891
854e8872-b092-4165-89d2-d163a3992524,2023-11-27 17:52:53.431,Test_Raum_2 ( AbraconTemp500Sensor ) ,°C,107.59756404559232
6d2c9ebd-c8e1-467b-b9fe-31c46b18ccc0,2023-11-27 17:52:53.441,Test_Raum_2 ( AbraconTemp500Sensor ) ,°C,64.18927671931388
43d3ebc6-cbbd-4cad-b763-d3a6eb9c0a0d,2023-11-27 17:52:53.451,Test_Raum_2 ( AbraconTemp500Sensor ) ,°C,-54.69512432918792
bdedec72-4f96-4969-92ce-4505bffa6db0,2023-11-27 17:52:53.461,Test_Raum_2 ( AbraconTemp500Sensor ) ,°C,202.57799095883934
53a21e2b-2f86-4d78-af02-ec14c5467775,2023-11-27 17:52:53.472,Test_Raum_2 ( AbraconTemp500Sensor ) ,°C,-36.90966462108946
96a879a0-8898-4fd9-a4b5-010329852a73,2023-11-27 17:52:53.481,Test_Raum_2 ( AbraconTemp500Sensor ) ,°C,-9.46690618015137
51c2a4f6-8a32-4e43-84b7-d69cac23dd97,2023-11-27 17:52:53.491,Test_Raum_2 ( AbraconTemp500Sensor ) ,°C,124.62601785597838
e5602c44-0d87-4356-b512-43adc5408bfe,2023-11-27 17:52:53.501,Test_Raum_2 ( AbraconTemp500Sensor ) ,°C,197.25847340327192
a16682b5-1198-4cb7-b9be-4bd5454bada2,2023-11-27 17:52:53.511,Test_Raum_2 ( AbraconTemp500Sensor ) ,°C,157.23535517122394
e2b1e124-8183-4f0d-bb13-c0e4973e10e7,2023-11-27 17:52:53.52,Test_Raum_2 ( AbraconTemp500Sensor ) ,°C,-104.88810215322559
2cb726ab-7a5a-4157-a3ad-b9242169343b,2023-11-27 17:52:53.531,Test_Raum_2 ( AbraconTemp500Sensor ) ,°C,-66.50463380143954
0fb1f5a6-9083-43ad-9a71-6071f9d17bf3,2023-11-27 17:52:53.541,Test_Raum_2 ( AbraconTemp500Sensor ) ,°C,-88.49603102678485
d2f99627-469f-47f3-a586-48181cf29f0a,2023-11-27 17:52:53.552,Test_Raum_2 ( AbraconTemp500Sensor ) ,°C,37.431449749629905
fa7d42d8-e5a8-4920-98d5-74c6a27d61fd,2023-11-27 17:52:53.561,Test_Raum_2 ( AbraconTemp500Sensor ) ,°C,-81.38885554113831
92442632-3487-4b9c-8636-ccd8efc70773,2023-11-27 17:52:53.571,Test_Raum_2 ( AbraconTemp500Sensor ) ,°C,8.205499668002915
6ac19d13-1761-4f6a-802f-7bb4213d168b,2023-11-27 17:52:53.581,Test_Raum_2 ( AbraconTemp500Sensor ) ,°C,-70.27344034707897
1f2d983d-f889-47a9-9ae3-325eee86667f,2023-11-27 17:52:53.59,Test_Raum_2 ( AbraconTemp500Sensor ) ,°C,-83.47541664354976
dc0fedaf-bad9-4567-b321-8b446a8e0bf0,2023-11-27 17:52:53.601,Test_Raum_2 ( AbraconTemp500Sensor ) ,°C,-42.17794664419071
92c01d87-2f5a-4352-b850-4720e4d49c45,2023-11-27 17:52:53.611,Test_Raum_2 ( AbraconTemp500Sensor ) ,°C,-111.95756646487096
ccb03175-58c6-46bc-b2a5-fe6dcc12edae,2023-11-27 17:52:53.621,Test_Raum_2 ( AbraconTemp500Sensor ) ,°C,184.60434043975243
1d6f4549-0486-4bd5-9a2d-769f3989c10d,2023-11-27 17:52:53.631,Test_Raum_2 ( AbraconTemp500Sensor ) ,°C,-34.990747695393694
f532c7b0-1600-4d8d-a0f0-9db844becacb,2023-11-27 17:52:53.641,Test_Raum_2 ( AbraconTemp500Sensor ) ,°C,124.5746280877247
1cac3c0f-5a6b-4670-a7ae-7aa1945c0919,2023-11-27 17:52:53.651,Test_Raum_2 ( AbraconTemp500Sensor ) ,°C,-18.5557808195571
ebe2a7ae-ed26-4e54-9b26-5896617c9d66,2023-11-27 17:52:53.661,Test_Raum_2 ( AbraconTemp500Sensor ) ,°C,113.33374184510205
07a1651b-bc71-40a0-94ad-949318574db8,2023-11-27 17:52:53.67,Test_Raum_2 ( AbraconTemp500Sensor ) ,°C,122.82629229328876
5efd96c3-1eac-4468-82b8-9bf29c88a7ac,2023-11-27 17:52:53.682,Test_Raum_2 ( AbraconTemp500Sensor ) ,°C,91.93464531506913
95908005-d277-46c8-8e4c-5da586624956,2023-11-27 17:52:53.691,Test_Raum_2 ( AbraconTemp500Sensor ) ,°C,-143.419003377342
5663836b-92cd-4f44-bf59-bb5f4098e907,2023-11-27 17:52:53.702,Test_Raum_2 ( AbraconTemp500Sensor ) ,°C,-131.47920182443954
e4c107d8-f5ef-49ea-86ef-10e3760205dc,2023-11-27 17:52:53.712,Test_Raum_2 ( AbraconTemp500Sensor ) ,°C,-83.6159121976068
d98adaad-d5b0-4e58-abff-5957e639e12c,2023-11-27 17:52:53.721,Test_Raum_2 ( AbraconTemp500Sensor ) ,°C,146.8832914157553
0de0ad12-0530-462a-88ef-4f130a651770,2023-11-27 17:52:53.73,Test_Raum_2 ( AbraconTemp500Sensor ) ,°C,242.03787641023575
45ab21df-aed2-40aa-9b47-97a36b739ef9,2023-11-27 17:52:53.742,Test_Raum_2 ( AbraconTemp500Sensor ) ,°C,234.04864542659016
6eb27d4e-317c-4516-93b3-d2a70333fc56,2023-11-27 17:52:53.75,Test_Raum_2 ( AbraconTemp500Sensor ) ,°C,188.91850633444903
da729e68-d230-40cb-b8d8-fbf2825742e3,2023-11-27 17:52:53.762,Test_Raum_2 ( AbraconTemp500Sensor ) ,°C,-60.902682771027656
7727a46d-63d5-4d18-bc52-fe4921076b30,2023-11-27 17:52:53.771,Test_Raum_2 ( AbraconTemp500Sensor ) ,°C,-71.6255948688741
a2706e08-b820-470c-a2be-203972b06ff6,2023-11-27 17:52:53.781,Test_Raum_2 ( AbraconTemp500Sensor ) ,°C,-31.062988214779097
b261b304-196e-479c-b337-deff4271e8a1,2023-11-27 17:52:53.79,Test_Raum_2 ( AbraconTemp500Sensor ) ,°C,-16.644499622955948
57243e74-5a02-4d57-addb-8d02cc425a2a,2023-11-27 17:52:53.802,Test_Raum_2 ( AbraconTemp500Sensor ) ,°C,222.748028451324
07170a48-6064-4e30-9940-9f5ef0f9c153,2023-11-27 17:52:53.811,Test_Raum_2 ( AbraconTemp500Sensor ) ,°C,-13.101387847420852
3f82cc27-2e9a-43fb-ab30-d76c216e4708,2023-11-27 17:52:53.821,Test_Raum_2 ( AbraconTemp500Sensor ) ,°C,35.87126629541547
357b7edc-ee58-426c-b375-87cf507cd7b5,2023-11-27 17:52:53.831,Test_Raum_2 ( AbraconTemp500Sensor ) ,°C,15.12903086480813
8daa8282-9137-469f-a148-5583cdb48a6e,2023-11-27 17:52:53.839,Test_Raum_2 ( AbraconTemp500Sensor ) ,°C,222.99337228160874
6c978472-9eba-4312-9345-51d8c824a830,2023-11-27 17:52:53.849,Test_Raum_2 ( AbraconTemp500Sensor ) ,°C,-12.11206887850932
3829fcb8-e0b8-4ee8-b66e-11df3f7e2424,2023-11-27 17:52:53.86,Test_Raum_2 ( AbraconTemp500Sensor ) ,°C,173.7733530751126
5726fd78-3567-4183-a513-942364106477,2023-11-27 17:52:53.872,Test_Raum_2 ( AbraconTemp500Sensor ) ,°C,148.63887512584392
c822a955-2212-4a66-bac4-9f7eab181a0d,2023-11-27 17:52:53.88,Test_Raum_2 ( AbraconTemp500Sensor ) ,°C,-57.08130981174649
283c26b7-acba-43ba-8d67-f0347d65b053,2023-11-27 17:52:53.891,Test_Raum_2 ( AbraconTemp500Sensor ) ,°C,85.97529659433204
8335fe85-9a73-491b-96d3-9d13125d9586,2023-11-27 17:52:53.902,Test_Raum_2 ( AbraconTemp500Sensor ) ,°C,-132.66157161483162
93589e91-746a-4bb7-bee1-c2c796877fa9,2023-11-27 17:52:53.911,Test_Raum_2 ( AbraconTemp500Sensor ) ,°C,-97.40719707370917
b3a66e0b-d013-4aff-bee9-b3ece0c22507,2023-11-27 17:52:53.919,Test_Raum_2 ( AbraconTemp500Sensor ) ,°C,-21.095702852752197
b692288a-6212-4172-9915-1b16085b7336,2023-11-27 17:52:53.932,Test_Raum_2 ( AbraconTemp500Sensor ) ,°C,-121.99636359374182
4b80ec95-7443-4c1d-83f8-29b7e4ef3c83,2023-11-27 17:52:53.941,Test_Raum_2 ( AbraconTemp500Sensor ) ,°C,-32.58086452157755
2968545c-e5a1-4ef5-9a29-d23be6adeeaf,2023-11-27 17:52:53.951,Test_Raum_2 ( AbraconTemp500Sensor ) ,°C,230.44295148590436
30e29993-925b-45c6-baf9-68215e9be956,2023-11-27 17:52:53.961,Test_Raum_2 ( AbraconTemp500Sensor ) ,°C,-149.5283249811499
af8a0d78-90fc-447b-ab4e-977e22abd0cc,2023-11-27 17:52:53.971,Test_Raum_2 ( AbraconTemp500Sensor ) ,°C,-52.254382931573346
0eb9fffc-97cb-461a-8a23-3f80e89cc334,2023-11-27 17:52:53.981,Test_Raum_2 ( AbraconTemp500Sensor ) ,°C,19.46004616305987
5d71d0d2-1358-4909-81f5-ae8d69d25e5a,2023-11-27 17:52:53.991,Test_Raum_2 ( AbraconTemp500Sensor ) ,°C,-77.64640493717668
55a3a79a-aecb-4ae3-a7d7-ec6a03ef75fd,2023-11-27 17:52:54.001,Test_Raum_2 ( AbraconTemp500Sensor ) ,°C,196.4439074885276
3710e784-7b7d-4411-b84e-3f46575825d1,2023-11-27 17:52:54.011,Test_Raum_2 ( AbraconTemp500Sensor ) ,°C,259.9522814256536
a982e26a-5722-4375-8885-a8256c14344a,2023-11-27 17:52:54.021,Test_Raum_2 ( AbraconTemp500Sensor ) ,°C,71.32996565928704
4c27459a-8d87-48d9-b9ae-f3c8ddb77cad,2023-11-27 17:52:54.031,Test_Raum_2 ( AbraconTemp500Sensor ) ,°C,93.99734596975662
d32ebe8b-bb8a-4aa9-beec-8a2e6a3437c3,2023-11-27 17:52:54.042,Test_Raum_2 ( AbraconTemp500Sensor ) ,°C,-52.79877652105347
211cfb79-e275-47bc-8bb0-2d5c6c39d8d4,2023-11-27 17:52:54.051,Test_Raum_2 ( AbraconTemp500Sensor ) ,°C,-0.76443842596683
83d69825-8551-424c-ae19-64b6993ab82a,2023-11-27 17:52:54.061,Test_Raum_2 ( AbraconTemp500Sensor ) ,°C,210.92043827755322
f26bb69b-4235-422f-926f-a92056b24643,2023-11-27 17:52:54.07,Test_Raum_2 ( AbraconTemp500Sensor ) ,°C,62.40389307326336
db3480a1-e246-4c9c-946f-c55c0eda7291,2023-11-27 17:52:54.081,Test_Raum_2 ( AbraconTemp500Sensor ) ,°C,-27.991223929061846
d9d48ccf-6e9d-4ab1-937a-2462d9b83cbf,2023-11-27 17:52:54.091,Test_Raum_2 ( AbraconTemp500Sensor ) ,°C,112.60818132897487
f2c9a6bd-3c9e-47df-8f13-d3aafd7c2481,2023-11-27 17:52:54.101,Test_Raum_2 ( AbraconTemp500Sensor ) ,°C,46.68432289586923
93cd5259-a39d-46bf-8cb4-0f60a7fc407f,2023-11-27 17:52:54.111,Test_Raum_2 ( AbraconTemp500Sensor ) ,°C,93.60887069438078
2e79de5a-817d-486b-992a-70493b9c2b3d,2023-11-27 17:52:54.122,Test_Raum_2 ( AbraconTemp500Sensor ) ,°C,255.66735460177995
e2ec79e1-6fab-4ae1-b241-a94999340d7d,2023-11-27 17:52:54.131,Test_Raum_2 ( AbraconTemp500Sensor ) ,°C,-64.4106757897191
52257bb4-01ba-49fa-b070-a9e33be965d2,2023-11-27 17:52:54.141,Test_Raum_2 ( AbraconTemp500Sensor ) ,°C,39.29697764822518
58830bb4-0fe4-4a3b-816f-4828d1fa8830,2023-11-27 17:52:54.152,Test_Raum_2 ( AbraconTemp500Sensor ) ,°C,147.43559592093123
f4abfa04-4bd1-4940-826c-5d00b222f211,2023-11-27 17:52:54.161,Test_Raum_2 ( AbraconTemp500Sensor ) ,°C,9.076840139970813
4ce91183-fea7-4738-9ff1-305865bc1a74,2023-11-27 17:52:54.17,Test_Raum_2 ( AbraconTemp500Sensor ) ,°C,125.80183707414255
3d2c759a-4897-414e-b6dd-0175cc8f9d09,2023-11-27 17:52:54.181,Test_Raum_2 ( AbraconTemp500Sensor ) ,°C,198.86191559871986
459b5b9f-b3ab-4b1d-8c94-4c1d6ab9d9f0,2023-11-27 17:52:54.189,Test_Raum_2 ( AbraconTemp500Sensor ) ,°C,163.04146509745942
6a4cd72c-d025-4a42-9240-e9be579fef2f,2023-11-27 17:52:54.201,Test_Raum_2 ( AbraconTemp500Sensor ) ,°C,-23.582135083382184
31003c27-2dab-46ba-9e3a-fb091a2b69b7,2023-11-27 17:52:54.211,Test_Raum_2 ( AbraconTemp500Sensor ) ,°C,180.0520649579438
346a400a-4b9d-4353-9de6-f61098bb95b6,2023-11-27 17:52:54.22,Test_Raum_2 ( AbraconTemp500Sensor ) ,°C,121.82223214135757
9e607e1d-36a4-48c5-bc38-57b30da0ae90,2023-11-27 17:52:54.23,Test_Raum_2 ( AbraconTemp500Sensor ) ,°C,-102.44757413606372
d08fc1ba-a1f7-4b51-9090-655e99b81b10,2023-11-27 17:52:54.241,Test_Raum_2 ( AbraconTemp500Sensor ) ,°C,170.00369850595263
9c9b409b-fb47-41d6-86f4-a904f9a12fdc,2023-11-27 17:52:54.251,Test_Raum_2 ( AbraconTemp500Sensor ) ,°C,22.026122681716828
6b0e022a-6ef6-43d7-89f8-eaf774ddfd45,2023-11-27 17:52:54.261,Test_Raum_2 ( AbraconTemp500Sensor ) ,°C,63.952372446163565
21cf81c3-f929-4d6e-a7c4-ace68420d897,2023-11-27 17:52:54.271,Test_Raum_2 ( AbraconTemp500Sensor ) ,°C,30.887195509474424
bff4c359-2950-4f21-a9d9-de3305d70f3a,2023-11-27 17:52:54.282,Test_Raum_2 ( AbraconTemp500Sensor ) ,°C,-61.079399914535045
f2e7a6d0-e6f9-4817-9d99-26d753a0b929,2023-11-27 17:52:54.289,Test_Raum_2 ( AbraconTemp500Sensor ) ,°C,146.31515960400873
f9b0c803-628e-4466-be65-10c74e3634c9,2023-11-27 17:52:54.301,Test_Raum_2 ( AbraconTemp500Sensor ) ,°C,92.39192011743225
b617f783-1e63-45d5-9abe-176ed8d5ea97,2023-11-27 17:52:54.311,Test_Raum_2 ( AbraconTemp500Sensor ) ,°C,105.01067140207147
9f91cde1-af37-4e7c-917a-df6cd726c971,2023-11-27 17:52:54.322,Test_Raum_2 ( AbraconTemp500Sensor ) ,°C,151.03812522811506
259bdf30-2f34-4e37-92be-b7a42198173a,2023-11-27 17:52:54.331,Test_Raum_2 ( AbraconTemp500Sensor ) ,°C,-96.91207946371694
1fb0ca1f-6408-43b2-ba6b-eb7e3dde6017,2023-11-27 17:52:54.341,Test_Raum_2 ( AbraconTemp500Sensor ) ,°C,210.6315471478291
80c4fa41-4956-429c-866b-031b4dd5c29d,2023-11-27 17:52:54.351,Test_Raum_2 ( AbraconTemp500Sensor ) ,°C,49.16427762265914
25e2dd2b-984e-43af-99f1-e157e72835b5,2023-11-27 17:52:54.36,Test_Raum_2 ( AbraconTemp500Sensor ) ,°C,214.92778152296978
dbf154a2-5e8f-449b-9721-46d9e45fff58,2023-11-27 17:52:54.372,Test_Raum_2 ( AbraconTemp500Sensor ) ,°C,95.33134809936013
126ac44f-c452-435d-ba4b-eece4633382a,2023-11-27 17:52:54.381,Test_Raum_2 ( AbraconTemp500Sensor ) ,°C,206.9651124326627
001f646f-cd73-4f0f-b5e0-eb7d04556b42,2023-11-27 17:52:54.391,Test_Raum_2 ( AbraconTemp500Sensor ) ,°C,-6.952440149402946
0333decc-f53e-41c1-80dc-8d9379432b67,2023-11-27 17:52:54.4,Test_Raum_2 ( AbraconTemp500Sensor ) ,°C,237.8126324316441
219984a9-f429-4328-bd5c-fdecfae26321,2023-11-27 17:52:54.411,Test_Raum_2 ( AbraconTemp500Sensor ) ,°C,29.97955439526214
eba27997-5677-4564-bfd2-7d78ce192e1e,2023-11-27 17:52:54.421,Test_Raum_2 ( AbraconTemp500Sensor ) ,°C,56.046882074820076
d08c00e8-7ad3-433e-861a-d23eb8c8285d,2023-11-27 17:52:54.431,Test_Raum_2 ( AbraconTemp500Sensor ) ,°C,77.43373651795307
6162679e-a822-43bb-a05b-a4678c94d1a9,2023-11-27 17:52:54.441,Test_Raum_2 ( AbraconTemp500Sensor ) ,°C,-66.05392281537752
c07c852d-6550-44c8-8c59-3365e0da0d25,2023-11-27 17:52:54.451,Test_Raum_2 ( AbraconTemp500Sensor ) ,°C,168.3561664723648
a299ed4e-6946-4252-87c6-6ecbe3c69dfe,2023-11-27 17:52:54.461,Test_Raum_2 ( AbraconTemp500Sensor ) ,°C,-82.92261319193219
a2d71c90-d970-4902-bc35-dd21c15b1258,2023-11-27 17:52:54.471,Test_Raum_2 ( AbraconTemp500Sensor ) ,°C,-96.63321358761777
565d81c7-2183-459e-98b7-f17286faab02,2023-11-27 17:52:54.481,Test_Raum_2 ( AbraconTemp500Sensor ) ,°C,-122.26518014295088
43cded7d-df38-464c-a429-740c1aeb1cae,2023-11-27 17:52:54.492,Test_Raum_2 ( AbraconTemp500Sensor ) ,°C,165.4436317537764
bb081b62-f156-4eef-ba04-662cf9e937d3,2023-11-27 17:52:54.501,Test_Raum_2 ( AbraconTemp500Sensor ) ,°C,138.11750100272513
7b0ca1c2-8716-4fb1-b7d6-a3a937319de7,2023-11-27 17:52:54.511,Test_Raum_2 ( AbraconTemp500Sensor ) ,°C,164.79899452340555
4a3f7b17-59a6-4995-bbb7-e4efa9b902a7,2023-11-27 17:52:54.522,Test_Raum_2 ( AbraconTemp500Sensor ) ,°C,227.85155108316707
256745f3-f0de-4dea-a8c7-b6942b551ac2,2023-11-27 17:52:54.531,Test_Raum_2 ( AbraconTemp500Sensor ) ,°C,131.87722393709117
b417faee-8c37-4869-b43b-728813ddb47b,2023-11-27 17:52:54.541,Test_Raum_2 ( AbraconTemp500Sensor ) ,°C,170.13892955644548
ce697a09-1d39-4d57-a271-2173ad395764,2023-11-27 17:52:54.551,Test_Raum_2 ( AbraconTemp500Sensor ) ,°C,32.00161464841514
806df068-eb01-4b35-9721-172e135a226f,2023-11-27 17:52:54.559,Test_Raum_2 ( AbraconTemp500Sensor ) ,°C,124.86014333850767
73230d86-31ed-4b60-b285-713eb98445e3,2023-11-27 17:52:54.57,Test_Raum_2 ( AbraconTemp500Sensor ) ,°C,88.10274921909391
066b4fa4-e08a-4348-b31c-76fb0ad59147,2023-11-27 17:52:54.582,Test_Raum_2 ( AbraconTemp500Sensor ) ,°C,179.80346024745984
7b881a03-c249-4c64-8fe3-487b6da94a5a,2023-11-27 17:52:54.591,Test_Raum_2 ( AbraconTemp500Sensor ) ,°C,82.54585368735306
09b36ec8-ff6e-4f65-a4a7-ba264d0fde2a,2023-11-27 17:52:54.601,Test_Raum_2 ( AbraconTemp500Sensor ) ,°C,133.69192775205954
e138720b-d3fd-46d8-9b11-15c5c0222098,2023-11-27 17:52:54.611,Test_Raum_2 ( AbraconTemp500Sensor ) ,°C,21.31550406225486
4c32aebf-c580-46fc-a257-275850565bb3,2023-11-27 17:52:54.621,Test_Raum_2 ( AbraconTemp500Sensor ) ,°C,155.88640058625697
4e359aeb-0eb5-4a49-9665-b22c866671eb,2023-11-27 17:52:54.632,Test_Raum_2 ( AbraconTemp500Sensor ) ,°C,193.04893699856876
361981b8-42c2-488d-be5d-b0d58294520c,2023-11-27 17:52:54.639,Test_Raum_2 ( AbraconTemp500Sensor ) ,°C,246.5045203458892
b779ee9e-6e54-43ce-a67a-dbaa4e3eb2af,2023-11-27 17:52:54.652,Test_Raum_2 ( AbraconTemp500Sensor ) ,°C,-22.016419923174908
e624c0a2-8075-4255-8958-9049f9e84cca,2023-11-27 17:52:54.661,Test_Raum_2 ( AbraconTemp500Sensor ) ,°C,25.31725272208925
fc40ab0c-b93c-414d-bb29-ec3cb61c37ac,2023-11-27 17:52:54.67,Test_Raum_2 ( AbraconTemp500Sensor ) ,°C,2.9339541820609725
c6c31163-2013-437a-a315-14a14cd48f3d,2023-11-27 17:52:54.681,Test_Raum_2 ( AbraconTemp500Sensor ) ,°C,204.79483307004386
0d84c090-2fee-4fe5-b582-344ed4ac5269,2023-11-27 17:52:54.691,Test_Raum_2 ( AbraconTemp500Sensor ) ,°C,7.152048257515389
23ef1e2a-050d-46a6-9a9a-7cc82eecc44a,2023-11-27 17:52:54.701,Test_Raum_2 ( AbraconTemp500Sensor ) ,°C,178.52514857602466
f7ea1be8-5cc1-4db9-8ca8-003d66eb7dd9,2023-11-27 17:52:54.711,Test_Raum_2 ( AbraconTemp500Sensor ) ,°C,-101.11251579370415
0783a3d2-d24b-464f-b805-6b69c6887d9a,2023-11-27 17:52:54.721,Test_Raum_2 ( AbraconTemp500Sensor ) ,°C,-82.67706231800473
0cf7d294-8d77-45e3-9dfd-9fc65804925f,2023-11-27 17:52:54.732,Test_Raum_2 ( AbraconTemp500Sensor ) ,°C,87.59147851817411
00e7e9b0-3c01-48a6-83bc-fe8b689112a9,2023-11-27 17:52:54.741,Test_Raum_2 ( AbraconTemp500Sensor ) ,°C,-137.79439605859812
5a97a444-cdd9-456a-b3a5-559e3ad32c25,2023-11-27 17:52:54.751,Test_Raum_2 ( AbraconTemp500Sensor ) ,°C,188.1349369548489
acc806dd-50ea-4e2a-a292-5457726b5b76,2023-11-27 17:52:54.761,Test_Raum_2 ( AbraconTemp500Sensor ) ,°C,-33.32449969352052
aee8e509-7098-40a3-b663-ce503b9894b7,2023-11-27 17:52:54.77,Test_Raum_2 ( AbraconTemp500Sensor ) ,°C,-74.52034675038799
5601df71-5a8f-4fdc-b7dd-cae8e9dcb2cb,2023-11-27 17:52:54.781,Test_Raum_2 ( AbraconTemp500Sensor ) ,°C,-102.50489818202254
ca80b349-6a83-4c08-8cbc-f4342c262a61,2023-11-27 17:52:54.791,Test_Raum_2 ( AbraconTemp500Sensor ) ,°C,197.025980829878
b375ba7d-66f0-4c2e-afad-17e22cd5594f,2023-11-27 17:52:54.802,Test_Raum_2 ( AbraconTemp500Sensor ) ,°C,-110.49994854693031
c669dc7c-8bc8-4fbd-949e-1b4590e813c4,2023-11-27 17:52:54.811,Test_Raum_2 ( AbraconTemp500Sensor ) ,°C,114.0417162623919
4aeb6014-5ce7-4f44-87a4-435e1dbe161f,2023-11-27 17:52:54.821,Test_Raum_2 ( AbraconTemp500Sensor ) ,°C,212.99275202075427
17709478-dd59-415a-8916-8fa32fb78d67,2023-11-27 17:52:54.83,Test_Raum_2 ( AbraconTemp500Sensor ) ,°C,209.82460212985302
2074ef6a-eb0d-4030-bc62-1d3a9a279881,2023-11-27 17:52:54.841,Test_Raum_2 ( AbraconTemp500Sensor ) ,°C,-44.992595656711885
dda0ee0b-1f23-4e7c-ba2e-3304fba2735b,2023-11-27 17:52:54.85,Test_Raum_2 ( AbraconTemp500Sensor ) ,°C,148.9247386648139
0dc03a02-9440-45f4-a825-d9f259701c72,2023-11-27 17:52:54.861,Test_Raum_2 ( AbraconTemp500Sensor ) ,°C,-42.75197141280826
5feadd8a-5871-498c-855c-8b2d38776ff7,2023-11-27 17:52:54.871,Test_Raum_2 ( AbraconTemp500Sensor ) ,°C,150.9762305840706
9afb4c05-804e-4d4d-b916-bc2a38e0968d,2023-11-27 17:52:54.881,Test_Raum_2 ( AbraconTemp500Sensor ) ,°C,150.8807844472459
8b6532da-1610-4e58-963d-d0a862c1602d,2023-11-27 17:52:54.891,Test_Raum_2 ( AbraconTemp500Sensor ) ,°C,59.120080656229305
9a892069-a708-43e8-ba49-67112e14dafe,2023-11-27 17:52:54.901,Test_Raum_2 ( AbraconTemp500Sensor ) ,°C,2.8974069870463666
0e3372a8-60f3-46d9-8ee9-a0fd07d390c7,2023-11-27 17:52:54.911,Test_Raum_2 ( AbraconTemp500Sensor ) ,°C,173.39781586742453
1c7bcc51-3756-4c50-bf9e-3bb7ec88bf68,2023-11-27 17:52:54.922,Test_Raum_2 ( AbraconTemp500Sensor ) ,°C,233.29483833327083
a5b85609-6352-4549-b46a-fbb00ab773fe,2023-11-27 17:52:54.931,Test_Raum_2 ( AbraconTemp500Sensor ) ,°C,6.466772031453701
c42289f6-64ee-42cd-9869-571d6ab2d124,2023-11-27 17:52:54.941,Test_Raum_2 ( AbraconTemp500Sensor ) ,°C,22.2817573329867
794ddad7-90c1-4769-85e2-eb5be2c6f3c1,2023-11-27 17:52:54.951,Test_Raum_2 ( AbraconTemp500Sensor ) ,°C,-89.38454962339385
e6c27591-e741-4237-883f-a1d8c63f3d0d,2023-11-27 17:52:54.959,Test_Raum_2 ( AbraconTemp500Sensor ) ,°C,-109.09955968863903
2416f658-f5c8-40d6-a05c-34a420d03562,2023-11-27 17:52:54.972,Test_Raum_2 ( AbraconTemp500Sensor ) ,°C,74.55719476008457
a552326a-46f4-46b8-a4f7-7303cdfe96a2,2023-11-27 17:52:54.981,Test_Raum_2 ( AbraconTemp500Sensor ) ,°C,-32.47773893935643
920054f2-5c6f-47bf-ab07-c62d89dba983,2023-11-27 17:52:54.992,Test_Raum_2 ( AbraconTemp500Sensor ) ,°C,184.33031120089066
c75d1746-68ae-48ab-bac9-e1235cd3a7c4,2023-11-27 17:52:55.0,Test_Raum_2 ( AbraconTemp500Sensor ) ,°C,174.75148999652976
dcf95be3-3824-4e29-b18a-bbf4352bdeca,2023-11-27 17:52:55.011,Test_Raum_2 ( AbraconTemp500Sensor ) ,°C,46.87482025630868
234ccc68-6354-4429-89f8-4b1e66bce1c7,2023-11-27 17:52:55.02,Test_Raum_2 ( AbraconTemp500Sensor ) ,°C,6.466394090946864
3106a510-a595-49a6-a94c-99b8696ac110,2023-11-27 17:52:55.031,Test_Raum_2 ( AbraconTemp500Sensor ) ,°C,164.8380963478964
baf89a99-0446-4d58-985a-f40a978cabf8,2023-11-27 17:52:55.041,Test_Raum_2 ( AbraconTemp500Sensor ) ,°C,16.264199964744876
7fed0c32-ea1f-438a-a297-e391e96edce6,2023-11-27 17:52:55.05,Test_Raum_2 ( AbraconTemp500Sensor ) ,°C,166.76455338798542
dd3413ba-31d6-4c77-b71e-9bde868d3d76,2023-11-27 17:52:55.061,Test_Raum_2 ( AbraconTemp500Sensor ) ,°C,-91.37519978025608
c5a98a43-b94f-495d-846d-e5598503765c,2023-11-27 17:52:55.07,Test_Raum_2 ( AbraconTemp500Sensor ) ,°C,157.9347206269763
518eb246-0e10-456b-9a23-30b2a183dd63,2023-11-27 17:52:55.081,Test_Raum_2 ( AbraconTemp500Sensor ) ,°C,126.4234264666598
4a1ccdd2-90cf-4dbe-86d3-b105e8032d8e,2023-11-27 17:52:55.09,Test_Raum_2 ( AbraconTemp500Sensor ) ,°C,84.58043971331591
d401ad3b-aef3-44c9-b60b-0a8137f39979,2023-11-27 17:52:55.102,Test_Raum_2 ( AbraconTemp500Sensor ) ,°C,-43.205741826287394
3717f59b-dfac-4342-81b4-4bdb6111bad4,2023-11-27 17:52:55.111,Test_Raum_2 ( AbraconTemp500Sensor ) ,°C,196.12941391094193
3970f96e-1b64-4644-90ee-36e913db8bbf,2023-11-27 17:52:55.121,Test_Raum_2 ( AbraconTemp500Sensor ) ,°C,158.87856310167052
53c667f3-6b45-41ad-bb5b-09c5453ba078,2023-11-27 17:52:55.132,Test_Raum_2 ( AbraconTemp500Sensor ) ,°C,93.79777403181603
2b8a1273-e6a5-487f-860a-f29a23a9e947,2023-11-27 17:52:55.141,Test_Raum_2 ( AbraconTemp500Sensor ) ,°C,49.86839537887698
af65832c-fa06-42a8-8110-c64cac30ccd0,2023-11-27 17:52:55.151,Test_Raum_2 ( AbraconTemp500Sensor ) ,°C,-137.33473385176765
854f7d26-d118-4f4c-adb3-c544d5b790e5,2023-11-27 17:52:55.16,Test_Raum_2 ( AbraconTemp500Sensor ) ,°C,-115.11834781853076
aa5a6f89-7e0a-4513-8155-a06371fcdde5,2023-11-27 17:52:55.17,Test_Raum_2 ( AbraconTemp500Sensor ) ,°C,146.3715782178811
c67d3ae9-6aa6-494d-b82d-a389e054b1ff,2023-11-27 17:52:55.181,Test_Raum_2 ( AbraconTemp500Sensor ) ,°C,256.5735942568091
094b5364-9fb6-422d-92b3-89a7040a434f,2023-11-27 17:52:55.192,Test_Raum_2 ( AbraconTemp500Sensor ) ,°C,17.135064433210886
524fe138-fcd7-4e81-8fbb-a5aa80cb78f6,2023-11-27 17:52:55.2,Test_Raum_2 ( AbraconTemp500Sensor ) ,°C,184.2845230330699
007fbb4f-21b0-4649-be53-10f255ff720d,2023-11-27 17:52:55.211,Test_Raum_2 ( AbraconTemp500Sensor ) ,°C,-29.86957060176239
d81de3ee-b1e9-44fc-bce6-dc2c3ac5a768,2023-11-27 17:52:55.222,Test_Raum_2 ( AbraconTemp500Sensor ) ,°C,-53.574543129282006
969c8ca6-f73b-4e18-863b-9d882e5884c9,2023-11-27 17:52:55.229,Test_Raum_2 ( AbraconTemp500Sensor ) ,°C,44.85135085793391
ab335582-f0df-464e-aef5-2527acbe575a,2023-11-27 17:52:55.241,Test_Raum_2 ( AbraconTemp500Sensor ) ,°C,237.3054896140701
7b0366e4-d45e-4ef2-9547-5cdaf8b49251,2023-11-27 17:52:55.251,Test_Raum_2 ( AbraconTemp500Sensor ) ,°C,32.03806957384535
c082ea42-eed0-4600-8ec6-669497690e7f,2023-11-27 17:52:55.26,Test_Raum_2 ( AbraconTemp500Sensor ) ,°C,-85.48932265684239
6504309a-a105-48c6-9255-f4c9007043f7,2023-11-27 17:52:55.271,Test_Raum_2 ( AbraconTemp500Sensor ) ,°C,212.8675786977292
efbe1a4c-8cc0-487f-84d2-4cfb7b5df416,2023-11-27 17:52:55.28,Test_Raum_2 ( AbraconTemp500Sensor ) ,°C,-138.87572078982848
f815e831-1876-433f-8a76-f66ce223002d,2023-11-27 17:52:55.291,Test_Raum_2 ( AbraconTemp500Sensor ) ,°C,44.12675791155527
a226a3bf-9831-43ad-bcfc-fe0e19b48fc8,2023-11-27 17:52:55.302,Test_Raum_2 ( AbraconTemp500Sensor ) ,°C,31.453639778068748
1b312381-d3ff-4796-8c55-cac2716e792a,2023-11-27 17:52:55.311,Test_Raum_2 ( AbraconTemp500Sensor ) ,°C,-28.28059937933716
e0cd7b44-f162-448a-b331-c2a0e4443fe9,2023-11-27 17:52:55.319,Test_Raum_2 ( AbraconTemp500Sensor ) ,°C,182.14049571902592
539a769a-f457-4bfe-9918-19af128fdc6d,2023-11-27 17:52:55.332,Test_Raum_2 ( AbraconTemp500Sensor ) ,°C,80.30012848958143
05bd151d-9124-41ee-ad36-f590d1318c37,2023-11-27 17:52:55.341,Test_Raum_2 ( AbraconTemp500Sensor ) ,°C,107.06271070417267
7431a1e0-e95b-46ed-8d0c-810c43fcac7b,2023-11-27 17:52:55.351,Test_Raum_2 ( AbraconTemp500Sensor ) ,°C,135.72763048275874
f8181f1a-3686-4960-b278-6abb7eddb990,2023-11-27 17:52:55.36,Test_Raum_2 ( AbraconTemp500Sensor ) ,°C,216.31059576152552
cc9fa548-8c95-4f4a-865b-1591e0e1fd58,2023-11-27 17:52:55.371,Test_Raum_2 ( AbraconTemp500Sensor ) ,°C,-83.48818010956532
59cc4dbf-e262-4f13-87d6-fc9ce899ad09,2023-11-27 17:52:55.382,Test_Raum_2 ( AbraconTemp500Sensor ) ,°C,-51.151177805553075
c02c0990-fed3-4232-8609-e30fc9e03871,2023-11-27 17:52:55.391,Test_Raum_2 ( AbraconTemp500Sensor ) ,°C,43.55365778615854
0e50db5b-54c0-45f9-8b81-c2297e438e28,2023-11-27 17:52:55.401,Test_Raum_2 ( AbraconTemp500Sensor ) ,°C,87.60637802118401
b05b3244-8b71-49cd-8f87-3b8e4653ec1c,2023-11-27 17:52:55.411,Test_Raum_2 ( AbraconTemp500Sensor ) ,°C,-46.95716178140613
01e05b1b-0844-4fe9-8505-a3f24561c895,2023-11-27 17:52:55.42,Test_Raum_2 ( AbraconTemp500Sensor ) ,°C,181.32772874242903
03d3414f-c42a-4f36-bdc9-5dcd77b2280f,2023-11-27 17:52:55.431,Test_Raum_2 ( AbraconTemp500Sensor ) ,°C,237.3344205386279
c91e279f-2fed-4be4-b6ce-e878225c3881,2023-11-27 17:52:55.441,Test_Raum_2 ( AbraconTemp500Sensor ) ,°C,-36.482420217168425
8778b155-68b4-4aa5-b1e3-c8a86221fc74,2023-11-27 17:52:55.451,Test_Raum_2 ( AbraconTemp500Sensor ) ,°C,223.76746330688655
ab599a35-c0ed-4771-b821-0b163d7bb7f9,2023-11-27 17:52:55.46,Test_Raum_2 ( AbraconTemp500Sensor ) ,°C,167.5116635321042
ab2096ac-40f6-4fe4-9a1a-cdb5e8a1ed66,2023-11-27 17:52:55.47,Test_Raum_2 ( AbraconTemp500Sensor ) ,°C,-147.56140037226092
74a15a0d-07ed-4c91-a4a3-4533e055a772,2023-11-27 17:52:55.481,Test_Raum_2 ( AbraconTemp500Sensor ) ,°C,-116.38637172446904
0e67d0df-1de5-4774-915a-1256792f5861,2023-11-27 17:52:55.492,Test_Raum_2 ( AbraconTemp500Sensor ) ,°C,8.299692884310218
8b4dc720-4943-472f-a59f-9ca4d7a1dae8,2023-11-27 17:52:55.5,Test_Raum_2 ( AbraconTemp500Sensor ) ,°C,91.89289919908268
e2104062-c6c4-49c7-9dcc-a7ca37f5dc08,2023-11-27 17:52:55.511,Test_Raum_2 ( AbraconTemp500Sensor ) ,°C,180.46798559816517
6d3a61ce-a6c7-4e35-86ae-89bb6c2b7612,2023-11-27 17:52:55.519,Test_Raum_2 ( AbraconTemp500Sensor ) ,°C,-135.64684603123862
85467cc4-503e-43bc-a442-e9fcf6cb144b,2023-11-27 17:52:55.531,Test_Raum_2 ( AbraconTemp500Sensor ) ,°C,-39.75791987827938
d0fcc555-49bf-4d79-9668-4d70d494fdd2,2023-11-27 17:52:55.541,Test_Raum_2 ( AbraconTemp500Sensor ) ,°C,141.06149142791287
3e40fda2-b768-4bfb-83fa-9c7f93baa535,2023-11-27 17:52:55.549,Test_Raum_2 ( AbraconTemp500Sensor ) ,°C,124.31908603350541
31507c99-953f-4184-a6d5-31171a862f57,2023-11-27 17:52:55.561,Test_Raum_2 ( AbraconTemp500Sensor ) ,°C,233.71093775903415
fe88f4d6-631a-4926-97d3-b22240696fed,2023-11-27 17:52:55.571,Test_Raum_2 ( AbraconTemp500Sensor ) ,°C,175.11028795614027
b29f0a90-66bc-44ac-8fea-321d8da500c6,2023-11-27 17:52:55.58,Test_Raum_2 ( AbraconTemp500Sensor ) ,°C,-52.53603372350965
5dbb673d-8110-4848-be5e-6aa35b79e7b3,2023-11-27 17:52:55.589,Test_Raum_2 ( AbraconTemp500Sensor ) ,°C,-102.43596745467511
88016c12-f1f4-406b-b7ac-4286f0e82000,2023-11-27 17:52:55.602,Test_Raum_2 ( AbraconTemp500Sensor ) ,°C,141.71151159127567
48517f83-0ed6-4f3a-bc21-268b8c6c6555,2023-11-27 17:52:55.611,Test_Raum_2 ( AbraconTemp500Sensor ) ,°C,-13.782516140007573
34e99493-8a13-466c-821b-613b967e0ed6,2023-11-27 17:52:55.621,Test_Raum_2 ( AbraconTemp500Sensor ) ,°C,180.45141091421823
59104c18-8108-4351-a2ba-579b3b893e78,2023-11-27 17:52:55.63,Test_Raum_2 ( AbraconTemp500Sensor ) ,°C,73.43169193138269
d48ffd11-9fb1-48c9-bca6-56667a3f54c7,2023-11-27 17:52:55.641,Test_Raum_2 ( AbraconTemp500Sensor ) ,°C,186.63004201820388
de1d9371-7907-4bbb-a6b0-cca8fafe1354,2023-11-27 17:52:55.651,Test_Raum_2 ( AbraconTemp500Sensor ) ,°C,-67.71273583791925
1a0a2390-d79e-44d8-9015-35db6f85f090,2023-11-27 17:52:55.661,Test_Raum_2 ( AbraconTemp500Sensor ) ,°C,-3.6913194092120136
9d9c11c1-a0de-4a58-bdc6-a9a433be7ad2,2023-11-27 17:52:55.67,Test_Raum_2 ( AbraconTemp500Sensor ) ,°C,-82.47939206331995
fb56ec13-08e7-4adb-9b41-997f49f02b8b,2023-11-27 17:52:55.681,Test_Raum_2 ( AbraconTemp500Sensor ) ,°C,25.451420370715738
006a2392-5a78-480d-8816-db8f1addc33b,2023-11-27 17:52:55.691,Test_Raum_2 ( AbraconTemp500Sensor ) ,°C,-105.05295894730068
7bcd2c38-2e69-4bb6-ad5a-5e03eb5d8e94,2023-11-27 17:52:55.701,Test_Raum_2 ( AbraconTemp500Sensor ) ,°C,72.43183046883249
ceca6ab3-478e-40a7-acdc-de558f56d681,2023-11-27 17:52:55.712,Test_Raum_2 ( AbraconTemp500Sensor ) ,°C,7.3462054432039
7227e128-06bc-4ef8-8394-d3718f16dd56,2023-11-27 17:52:55.721,Test_Raum_2 ( AbraconTemp500Sensor ) ,°C,-85.21585873424975
73bc35e2-3e67-4fd6-8d42-c51931411892,2023-11-27 17:52:55.731,Test_Raum_2 ( AbraconTemp500Sensor ) ,°C,-143.7923735200202
8e3ff83a-768a-499b-b587-c2e42bc74a24,2023-11-27 17:52:55.741,Test_Raum_2 ( AbraconTemp500Sensor ) ,°C,65.19135134769479
6c77fabb-e037-4304-ba52-b05eb3a62656,2023-11-27 17:52:55.75,Test_Raum_2 ( AbraconTemp500Sensor ) ,°C,-147.88985536242475
86a9c643-d877-4f27-ad24-e367518a6a2d,2023-11-27 17:52:55.761,Test_Raum_2 ( AbraconTemp500Sensor ) ,°C,-30.251646720114437
e4e9cb80-29c2-4c86-bd7b-aac5160fc8af,2023-11-27 17:52:55.771,Test_Raum_2 ( AbraconTemp500Sensor ) ,°C,-39.866347820933285
06a883b1-8064-4e07-9f35-ec32c98843b2,2023-11-27 17:52:55.781,Test_Raum_2 ( AbraconTemp500Sensor ) ,°C,89.92110034625682
e472f954-e4ba-46fd-b895-d90b2e810e37,2023-11-27 17:52:55.79,Test_Raum_2 ( AbraconTemp500Sensor ) ,°C,45.99178258668081
0cb65b50-277d-4c72-a799-9cf73202ba5c,2023-11-27 17:52:55.799,Test_Raum_2 ( AbraconTemp500Sensor ) ,°C,-130.45483452603577
59f710ef-d90b-4571-8b14-8c0b7ad3a74c,2023-11-27 17:52:55.812,Test_Raum_2 ( AbraconTemp500Sensor ) ,°C,-80.18489864808029
3a76679e-ca2e-4eb7-ae61-06b43f5ebd48,2023-11-27 17:52:55.821,Test_Raum_2 ( AbraconTemp500Sensor ) ,°C,51.30679576802041
86523580-160f-4390-a513-1d58ad180e95,2023-11-27 17:52:55.831,Test_Raum_2 ( AbraconTemp500Sensor ) ,°C,132.2314523147101
50befb2a-6f9d-4656-9946-20852d589c7d,2023-11-27 17:52:55.842,Test_Raum_2 ( AbraconTemp500Sensor ) ,°C,168.1196683033014
f9a3ab4c-2d33-40ae-ae70-5aa96ce9e8c7,2023-11-27 17:52:55.85,Test_Raum_2 ( AbraconTemp500Sensor ) ,°C,81.32110958694165
21709517-51b5-4f71-89f8-a73ce1616b33,2023-11-27 17:52:55.861,Test_Raum_2 ( AbraconTemp500Sensor ) ,°C,53.275350942811
bf0f6f74-9da8-4cb8-a194-385c8f89120a,2023-11-27 17:52:55.871,Test_Raum_2 ( AbraconTemp500Sensor ) ,°C,49.37009986787004
f791f459-c35f-494f-b329-f688a658af13,2023-11-27 17:52:55.88,Test_Raum_2 ( AbraconTemp500Sensor ) ,°C,23.092194503484535
0a2b011e-6c65-4f98-a7fa-04e5512fa1f0,2023-11-27 17:52:55.892,Test_Raum_2 ( AbraconTemp500Sensor ) ,°C,51.069314661579824
cc2fc4ac-0337-413f-b54e-df21bc927efc,2023-11-27 17:52:55.901,Test_Raum_2 ( AbraconTemp500Sensor ) ,°C,164.64784190907557
7ecb4ed1-fefd-4fe4-99ac-6dfbd03c8111,2023-11-27 17:52:55.911,Test_Raum_2 ( AbraconTemp500Sensor ) ,°C,36.46277415230287
1bfba656-61e4-46ca-88c1-dab8c132254d,2023-11-27 17:52:55.921,Test_Raum_2 ( AbraconTemp500Sensor ) ,°C,34.55300810235886
ca357b64-2850-4553-91f9-c2f7c70f73bc,2023-11-27 17:52:55.93,Test_Raum_2 ( AbraconTemp500Sensor ) ,°C,-39.102482256523984
fa18f96b-33fe-4913-8eff-6731da096c8d,2023-11-27 17:52:55.941,Test_Raum_2 ( AbraconTemp500Sensor ) ,°C,-7.671356522879421
1aa6cb92-3f82-472f-be89-ca30f81badfb,2023-11-27 17:52:55.951,Test_Raum_2 ( AbraconTemp500Sensor ) ,°C,156.31115459782416
2b20eb85-5172-403c-b6e7-8187525d8011,2023-11-27 17:52:55.96,Test_Raum_2 ( AbraconTemp500Sensor ) ,°C,175.63500991273781
cd620d66-34ef-460e-892f-4a699a55b068,2023-11-27 17:52:55.969,Test_Raum_2 ( AbraconTemp500Sensor ) ,°C,-52.90963819224618
3c559029-ce96-4c50-ba81-3721c7302ed9,2023-11-27 17:52:55.981,Test_Raum_2 ( AbraconTemp500Sensor ) ,°C,-127.40720969985124
f19880cb-3894-410e-a3d3-524fdaa61587,2023-11-27 17:52:55.991,Test_Raum_2 ( AbraconTemp500Sensor ) ,°C,-76.17955855414846
515ddccf-f707-4479-833a-dee0699f1633,2023-11-27 17:52:56.001,Test_Raum_2 ( AbraconTemp500Sensor ) ,°C,125.4798128401955
04eba23e-c13c-4586-b51c-373afee0ec21,2023-11-27 17:52:56.011,Test_Raum_2 ( AbraconTemp500Sensor ) ,°C,11.898634530459333
e26aee36-1ac6-4a7f-abfa-3651095f269a,2023-11-27 17:52:56.021,Test_Raum_2 ( AbraconTemp500Sensor ) ,°C,50.90685531728269
00f01365-ea28-4745-93f5-f0ace9859abd,2023-11-27 17:52:56.031,Test_Raum_2 ( AbraconTemp500Sensor ) ,°C,-6.11295291393111
fb60d71d-bb4d-4449-b8d2-0cab07e83b5c,2023-11-27 17:52:56.041,Test_Raum_2 ( AbraconTemp500Sensor ) ,°C,214.05210819288106
da23ae32-34b9-4a99-ae0a-f613235b19e6,2023-11-27 17:52:56.051,Test_Raum_2 ( AbraconTemp500Sensor ) ,°C,218.32128649799864
768762ea-83e3-4249-ab96-aae19efc230b,2023-11-27 17:52:56.061,Test_Raum_2 ( AbraconTemp500Sensor ) ,°C,-88.90354955681642
c702cbd2-1d7f-45dc-aa45-9d7916b61fed,2023-11-27 17:52:56.07,Test_Raum_2 ( AbraconTemp500Sensor ) ,°C,-64.03326523637392
63aa6c01-6cbb-496c-8aa2-3ce9c40c7f46,2023-11-27 17:52:56.081,Test_Raum_2 ( AbraconTemp500Sensor ) ,°C,-59.83073093971301
bd3f042c-1e55-42df-ace0-40d63065d3e0,2023-11-27 17:52:56.089,Test_Raum_2 ( AbraconTemp500Sensor ) ,°C,130.654588647889
31a72999-85bf-4be3-b2bb-88c5d2dd0a84,2023-11-27 17:52:56.101,Test_Raum_2 ( AbraconTemp500Sensor ) ,°C,42.390589766062675
918cfca0-42ad-4052-ab71-fc9dd5740223,2023-11-27 17:52:56.111,Test_Raum_2 ( AbraconTemp500Sensor ) ,°C,18.9005389976123
d9d7b13d-35f7-46b8-81d3-d733a29054b1,2023-11-27 17:52:56.122,Test_Raum_2 ( AbraconTemp500Sensor ) ,°C,-149.73181884192869
0f4f6877-11a1-46b1-b1df-6f62f07db5d5,2023-11-27 17:52:56.131,Test_Raum_2 ( AbraconTemp500Sensor ) ,°C,-74.80206133251605
8139cbd0-2356-4d51-bd6e-960f199983c8,2023-11-27 17:52:56.141,Test_Raum_2 ( AbraconTemp500Sensor ) ,°C,173.00301069873922
d406f71d-9608-4a59-8999-0840efc31ec0,2023-11-27 17:52:56.151,Test_Raum_2 ( AbraconTemp500Sensor ) ,°C,49.35659924320012
f95c8ec4-70d5-403a-8876-cb7961b96a4c,2023-11-27 17:52:56.16,Test_Raum_2 ( AbraconTemp500Sensor ) ,°C,159.17420074421483
b49cd2ac-87be-47f1-9424-73d0ca0b9e8c,2023-11-27 17:52:56.171,Test_Raum_2 ( AbraconTemp500Sensor ) ,°C,-77.82071188258557
517ad7c4-fdd1-455c-8c94-a6489c0ceb1f,2023-11-27 17:52:56.18,Test_Raum_2 ( AbraconTemp500Sensor ) ,°C,-139.1168291492111
2e003a50-2021-46e8-bd7a-140270ebed1a,2023-11-27 17:52:56.191,Test_Raum_2 ( AbraconTemp500Sensor ) ,°C,194.52231337583868
93fd89d0-1c66-41df-96b3-ce7fff81a808,2023-11-27 17:52:56.2,Test_Raum_2 ( AbraconTemp500Sensor ) ,°C,-76.08128479209566
2b106274-8eb3-48c1-a43d-88c3848b3d98,2023-11-27 17:52:56.211,Test_Raum_2 ( AbraconTemp500Sensor ) ,°C,-146.4804542882323
6bd60de1-ecee-468c-b300-412b459e6edd,2023-11-27 17:52:56.221,Test_Raum_2 ( AbraconTemp500Sensor ) ,°C,82.9009504108896
f61ba997-cb44-48e2-b593-b75bd101d77d,2023-11-27 17:52:56.231,Test_Raum_2 ( AbraconTemp500Sensor ) ,°C,67.21449086781982
0c93332b-4dc5-47dc-aa8a-30791d820736,2023-11-27 17:52:56.242,Test_Raum_2 ( AbraconTemp500Sensor ) ,°C,200.73625303486955
e0fe402c-0305-48d7-a70c-b0dce05926eb,2023-11-27 17:52:56.251,Test_Raum_2 ( AbraconTemp500Sensor ) ,°C,-70.7299517213483
15d5e095-416e-4b28-89ed-5a4a39ae3289,2023-11-27 17:52:56.261,Test_Raum_2 ( AbraconTemp500Sensor ) ,°C,0.7931629690999387
cff68333-6db0-4dce-8efa-46af47cd2d0f,2023-11-27 17:52:56.271,Test_Raum_2 ( AbraconTemp500Sensor ) ,°C,-30.93644286615944
0c1a38ae-4355-40aa-8806-832d1679d49b,2023-11-27 17:52:56.281,Test_Raum_2 ( AbraconTemp500Sensor ) ,°C,219.27768096218472
e9b2831b-25be-40e7-ad17-5a388545cedd,2023-11-27 17:52:56.29,Test_Raum_2 ( AbraconTemp500Sensor ) ,°C,220.30498082986009
c4a5e868-3025-4bd5-b89c-454fe5c7b67f,2023-11-27 17:52:56.301,Test_Raum_2 ( AbraconTemp500Sensor ) ,°C,-15.28728044390192
90824e9d-3cb7-47d7-93c5-f84d02f020f1,2023-11-27 17:52:56.311,Test_Raum_2 ( AbraconTemp500Sensor ) ,°C,-133.19605468468836
090cf47c-f1ee-45a6-a451-40f2d0aca279,2023-11-27 17:52:56.322,Test_Raum_2 ( AbraconTemp500Sensor ) ,°C,-55.39126561701484
de1e2b56-b353-4d84-8841-5ed2aeadfca0,2023-11-27 17:52:56.329,Test_Raum_2 ( AbraconTemp500Sensor ) ,°C,245.94735727907556
76e4f47d-fe1a-4d67-897b-72b2f136b00e,2023-11-27 17:52:56.342,Test_Raum_2 ( AbraconTemp500Sensor ) ,°C,-20.229321089255052
82e899ec-8a03-42ad-b3db-a9de3bde7646,2023-11-27 17:52:56.35,Test_Raum_2 ( AbraconTemp500Sensor ) ,°C,17.234826800659363
76d7f5f6-f1d1-4494-96dd-60115ca0f30c,2023-11-27 17:52:56.361,Test_Raum_2 ( AbraconTemp500Sensor ) ,°C,-20.18053105188335
2b44be83-83f4-4c27-afd2-1ac47a02fd33,2023-11-27 17:52:56.37,Test_Raum_2 ( AbraconTemp500Sensor ) ,°C,-146.6820266429069
0c0165ab-c7cc-405d-ae6e-e176159a0a5e,2023-11-27 17:52:56.381,Test_Raum_2 ( AbraconTemp500Sensor ) ,°C,122.43357075782279
76a348fd-9766-4ed6-a87d-2d7411c83388,2023-11-27 17:52:56.391,Test_Raum_2 ( AbraconTemp500Sensor ) ,°C,0.4264364026400074
05f99d48-0df0-4ba3-90a3-e7cca1908d9d,2023-11-27 17:52:56.401,Test_Raum_2 ( AbraconTemp500Sensor ) ,°C,90.7764214913102
1931a570-44e7-44f8-b2b7-3d1e5fbf8444,2023-11-27 17:52:56.411,Test_Raum_2 ( AbraconTemp500Sensor ) ,°C,-16.121165135289658
a5000beb-63fe-419b-be58-91889dd3dfb9,2023-11-27 17:52:56.42,Test_Raum_2 ( AbraconTemp500Sensor ) ,°C,241.50803065421616
a68ffae6-c49c-465c-aabf-5ac6a9ce5031,2023-11-27 17:52:56.431,Test_Raum_2 ( AbraconTemp500Sensor ) ,°C,-129.15516324536333
c36c7193-7284-4eeb-a2d1-70ee60d77c97,2023-11-27 17:52:56.441,Test_Raum_2 ( AbraconTemp500Sensor ) ,°C,-25.401185748174427
7fb3a401-5558-4fa6-9fe4-1cee51b00c0a,2023-11-27 17:52:56.452,Test_Raum_2 ( AbraconTemp500Sensor ) ,°C,21.62857977019891
522657e0-07aa-466d-a9b4-3c825fea4973,2023-11-27 17:52:56.461,Test_Raum_2 ( AbraconTemp500Sensor ) ,°C,-82.43198194130673
2cd550d6-75a1-42da-aa40-ad05606e954e,2023-11-27 17:52:56.47,Test_Raum_2 ( AbraconTemp500Sensor ) ,°C,27.30047708376378
71a35317-9e61-42f4-a21d-3aafb768badf,2023-11-27 17:52:56.481,Test_Raum_2 ( AbraconTemp500Sensor ) ,°C,11.720906234702397
0f18a625-f09d-40b8-a89a-d526f4e51edf,2023-11-27 17:52:56.491,Test_Raum_2 ( AbraconTemp500Sensor ) ,°C,-119.56479040694987
aa9ff293-24cd-44b7-ab4d-50d030ee8899,2023-11-27 17:52:56.501,Test_Raum_2 ( AbraconTemp500Sensor ) ,°C,110.58104721287674
24fb6261-c9f0-4aaf-8ca2-e6d18357bd8d,2023-11-27 17:52:56.511,Test_Raum_2 ( AbraconTemp500Sensor ) ,°C,-143.02165575998393
b8b32236-9363-45c1-856b-02f3d6f5b399,2023-11-27 17:52:56.52,Test_Raum_2 ( AbraconTemp500Sensor ) ,°C,48.118036120331226
e67c028b-064c-4dd0-a552-68cb4ddf6430,2023-11-27 17:52:56.531,Test_Raum_2 ( AbraconTemp500Sensor ) ,°C,153.78362491467942
409cdf63-14ed-4fd2-9079-91666de60979,2023-11-27 17:52:56.542,Test_Raum_2 ( AbraconTemp500Sensor ) ,°C,-8.762422575274996
1dcf51cc-886f-4b55-b49a-1393c2de4b79,2023-11-27 17:52:56.549,Test_Raum_2 ( AbraconTemp500Sensor ) ,°C,66.89693006569871
12b999c5-2bc7-4a7e-a240-27ba1a22b53c,2023-11-27 17:52:56.561,Test_Raum_2 ( AbraconTemp500Sensor ) ,°C,230.78881229086778
49642f21-fd82-4d77-95a2-593a66a74940,2023-11-27 17:52:56.571,Test_Raum_2 ( AbraconTemp500Sensor ) ,°C,111.72821849394421
47b8db2f-7802-472c-892a-e299bb75a48c,2023-11-27 17:52:56.581,Test_Raum_2 ( AbraconTemp500Sensor ) ,°C,-41.55770621274078
64cf36a7-dc05-41ac-8dca-9a7c6f223725,2023-11-27 17:52:56.591,Test_Raum_2 ( AbraconTemp500Sensor ) ,°C,-131.98721821816022
7707ccc7-7221-4a09-a47a-5ef99e5daedc,2023-11-27 17:52:56.601,Test_Raum_2 ( AbraconTemp500Sensor ) ,°C,-104.26645373682325
774eb227-3637-4ae4-88bc-353f9ef9baf3,2023-11-27 17:52:56.611,Test_Raum_2 ( AbraconTemp500Sensor ) ,°C,37.24930212649855
67dbeff1-bb5a-4318-820a-c57be7f81d34,2023-11-27 17:52:56.621,Test_Raum_2 ( AbraconTemp500Sensor ) ,°C,143.49774404246813
83329131-4c7e-4913-a81d-db222096db13,2023-11-27 17:52:56.631,Test_Raum_2 ( AbraconTemp500Sensor ) ,°C,-124.45488844718025
73b7a3de-7aa2-4c45-9a66-d87fcc7fd349,2023-11-27 17:52:56.639,Test_Raum_2 ( AbraconTemp500Sensor ) ,°C,2.2073424220605204
7f0214c7-917e-4bce-a738-f1d4eb1a1141,2023-11-27 17:52:56.652,Test_Raum_2 ( AbraconTemp500Sensor ) ,°C,-140.42231625396158
7fa8aa6b-5842-4146-af61-0b013dca79c1,2023-11-27 17:52:56.661,Test_Raum_2 ( AbraconTemp500Sensor ) ,°C,128.16551076658772
34279619-37cd-4160-8645-73272480d6ef,2023-11-27 17:52:56.671,Test_Raum_2 ( AbraconTemp500Sensor ) ,°C,230.43879060696207
69437c02-2ed2-463f-803a-087eb1de4e1c,2023-11-27 17:52:56.681,Test_Raum_2 ( AbraconTemp500Sensor ) ,°C,192.5505860200917
f734c08e-4f85-4f67-84fe-373e2fb1cf0b,2023-11-27 17:52:56.692,Test_Raum_2 ( AbraconTemp500Sensor ) ,°C,51.64727045241165
9db37ca3-463c-4ba4-aa08-e0ff00cb90d2,2023-11-27 17:52:56.701,Test_Raum_2 ( AbraconTemp500Sensor ) ,°C,66.04165227345044
f2d9ffb8-ef4c-4d4b-af51-2cccf7886759,2023-11-27 17:52:56.711,Test_Raum_2 ( AbraconTemp500Sensor ) ,°C,-132.37977910995608
5b2e55ed-6b16-4abb-9953-9dc195e55274,2023-11-27 17:52:56.721,Test_Raum_2 ( AbraconTemp500Sensor ) ,°C,258.7121290698489
d55ec487-df11-4b18-96a3-1fea94b65ebd,2023-11-27 17:52:56.731,Test_Raum_2 ( AbraconTemp500Sensor ) ,°C,141.86697264384685
d9f019e3-aa4a-4cc9-8da3-61cea55e2d57,2023-11-27 17:52:56.742,Test_Raum_2 ( AbraconTemp500Sensor ) ,°C,-83.77998764747689
f887b44d-f737-4fec-8059-6eb53bb3ef75,2023-11-27 17:52:56.751,Test_Raum_2 ( AbraconTemp500Sensor ) ,°C,-107.79809271927803
be3bdb2f-7936-4cc4-beb5-2271ecd1af85,2023-11-27 17:52:56.761,Test_Raum_2 ( AbraconTemp500Sensor ) ,°C,204.16599704381878
efd9556a-dcb8-4b1c-8c8c-2b32b4e758f0,2023-11-27 17:52:56.771,Test_Raum_2 ( AbraconTemp500Sensor ) ,°C,168.4727962601363
116ac525-4195-4fa7-af55-44b6620d5684,2023-11-27 17:52:56.781,Test_Raum_2 ( AbraconTemp500Sensor ) ,°C,56.28392134694886
2d9219d3-1eb5-4a80-90f4-a9e2f99c0aee,2023-11-27 17:52:56.791,Test_Raum_2 ( AbraconTemp500Sensor ) ,°C,2.8491700976798597
32c1dd57-02c1-49e7-a165-3d4d8b5224d1,2023-11-27 17:52:56.8,Test_Raum_2 ( AbraconTemp500Sensor ) ,°C,133.3647022343589
508ae5ce-9495-4add-824b-307d567e160c,2023-11-27 17:52:56.811,Test_Raum_2 ( AbraconTemp500Sensor ) ,°C,81.70975063612175
6a8056f2-be40-4759-ac43-fce7c3bfdd4a,2023-11-27 17:52:56.821,Test_Raum_2 ( AbraconTemp500Sensor ) ,°C,-69.81714725237876
5a3fc910-5943-4960-8138-a0d00aa8cdb5,2023-11-27 17:52:56.831,Test_Raum_2 ( AbraconTemp500Sensor ) ,°C,80.5348484127772
2d031cd3-3392-425e-a8b5-6a2b8f6435c7,2023-11-27 17:52:56.842,Test_Raum_2 ( AbraconTemp500Sensor ) ,°C,85.34730052044819
6ea06e91-b88f-4768-8e38-bfb794c9cdbd,2023-11-27 17:52:56.851,Test_Raum_2 ( AbraconTemp500Sensor ) ,°C,241.29488399891744
31883fa1-7d51-49b5-bda6-2fb0986f571b,2023-11-27 17:52:56.859,Test_Raum_2 ( AbraconTemp500Sensor ) ,°C,121.98672310140932
c7a69a30-ec0f-4d38-be03-08b1a2054c66,2023-11-27 17:52:56.872,Test_Raum_2 ( AbraconTemp500Sensor ) ,°C,-64.89444882557697
04782237-72ef-41ca-ae50-576e76551de9,2023-11-27 17:52:56.88,Test_Raum_2 ( AbraconTemp500Sensor ) ,°C,154.07147306075143
7f165c4d-4851-4063-a4e7-51487ec42cce,2023-11-27 17:52:56.892,Test_Raum_2 ( AbraconTemp500Sensor ) ,°C,-28.656156882685735
cd9e836b-45d0-4a4c-9c35-4c3ad86c50d9,2023-11-27 17:52:56.901,Test_Raum_2 ( AbraconTemp500Sensor ) ,°C,205.02667549433954
b8d5c49c-079b-4775-b198-f23c019ed0a9,2023-11-27 17:52:56.911,Test_Raum_2 ( AbraconTemp500Sensor ) ,°C,-95.50724575177698
ecbd59fc-4fd3-429a-b5cf-0081759c7ddb,2023-11-27 17:52:56.921,Test_Raum_2 ( AbraconTemp500Sensor ) ,°C,101.1072828540145
9687a36e-ad3d-4f84-9ffb-b41594ef21e6,2023-11-27 17:52:56.931,Test_Raum_2 ( AbraconTemp500Sensor ) ,°C,5.51109051757922
4082543f-f3aa-4f5c-b6a9-be3794f018ff,2023-11-27 17:52:56.94,Test_Raum_2 ( AbraconTemp500Sensor ) ,°C,174.8801320092632
5227d4fe-8d1f-4cdc-965a-83285d4849bb,2023-11-27 17:52:56.952,Test_Raum_2 ( AbraconTemp500Sensor ) ,°C,156.94530087839922
3eddb86f-e10c-449c-8d00-46def39aea86,2023-11-27 17:52:56.961,Test_Raum_2 ( AbraconTemp500Sensor ) ,°C,-88.36487799909244
04c5cba3-3a9f-4ec2-8f16-068ea4f7a473,2023-11-27 17:52:56.971,Test_Raum_2 ( AbraconTemp500Sensor ) ,°C,-118.27798805706861
f3436406-9ab1-464c-afef-86613d0d5c94,2023-11-27 17:52:56.981,Test_Raum_2 ( AbraconTemp500Sensor ) ,°C,46.259232668739486
ce8214a9-70b6-449f-82bf-d51dc094b596,2023-11-27 17:52:56.991,Test_Raum_2 ( AbraconTemp500Sensor ) ,°C,108.861685162919
6cbf7ec5-84f2-405f-a6ef-ba8caac90723,2023-11-27 17:52:57.001,Test_Raum_2 ( AbraconTemp500Sensor ) ,°C,181.26169333203762
cf431bd0-4432-40e5-8089-718010e07887,2023-11-27 17:52:57.011,Test_Raum_2 ( AbraconTemp500Sensor ) ,°C,-107.05190454981943
58c1b09d-e388-4910-817e-7cfc127411b6,2023-11-27 17:52:57.021,Test_Raum_2 ( AbraconTemp500Sensor ) ,°C,161.37705825076932
54293267-f9e7-4f1d-b3fb-db201e39d926,2023-11-27 17:52:57.031,Test_Raum_2 ( AbraconTemp500Sensor ) ,°C,-75.14518646948443
0ee74f18-76f8-45ec-bbe2-d90f02480254,2023-11-27 17:52:57.04,Test_Raum_2 ( AbraconTemp500Sensor ) ,°C,249.57979653756422
ce0c3f73-e4e3-444f-8793-5d05ae39ff91,2023-11-27 17:52:57.051,Test_Raum_2 ( AbraconTemp500Sensor ) ,°C,-140.2853432062444
b7d345ba-9b0c-4bd6-96e9-875e4ae73fd2,2023-11-27 17:52:57.062,Test_Raum_2 ( AbraconTemp500Sensor ) ,°C,121.62100879565594
b2dc3ac5-7d28-4353-b889-6cf115fd0549,2023-11-27 17:52:57.07,Test_Raum_2 ( AbraconTemp500Sensor ) ,°C,-26.471246987429936
60d8816c-3533-4a66-93e8-afa2efa90f60,2023-11-27 17:52:57.081,Test_Raum_2 ( AbraconTemp500Sensor ) ,°C,86.4208525582946
9011c642-a2dc-4281-be0a-af29848288d8,2023-11-27 17:52:57.091,Test_Raum_2 ( AbraconTemp500Sensor ) ,°C,33.779277555513374
28abd0dc-b3ef-4de2-a14a-6c732decf75c,2023-11-27 17:52:57.102,Test_Raum_2 ( AbraconTemp500Sensor ) ,°C,166.23036059518722
088579b4-f927-4b8f-9488-6f8fe1ec4ffe,2023-11-27 17:52:57.111,Test_Raum_2 ( AbraconTemp500Sensor ) ,°C,69.99468572791051
88e2861d-be5e-4e8f-9bd1-21735adb9335,2023-11-27 17:52:57.12,Test_Raum_2 ( AbraconTemp500Sensor ) ,°C,-144.00015483729274
e1b9c520-0942-4171-8b84-bab009aca921,2023-11-27 17:52:57.131,Test_Raum_2 ( AbraconTemp500Sensor ) ,°C,215.75187587531758
b864ac75-d41b-4c1b-a0fa-5d010aed8046,2023-11-27 17:52:57.142,Test_Raum_2 ( AbraconTemp500Sensor ) ,°C,249.2932714571632
bd6a8ead-9b8c-455a-80c6-f19249643255,2023-11-27 17:52:57.15,Test_Raum_2 ( AbraconTemp500Sensor ) ,°C,232.83224141028154
297f6e68-4c07-490d-bf61-50f5bafdcddf,2023-11-27 17:52:57.161,Test_Raum_2 ( AbraconTemp500Sensor ) ,°C,8.95937591449379
19507135-9765-4d3a-a2d3-ca81ae7d839f,2023-11-27 17:52:57.169,Test_Raum_2 ( AbraconTemp500Sensor ) ,°C,130.14321092105916
737f3416-fa52-4720-9249-7793c2ba1d9a,2023-11-27 17:52:57.182,Test_Raum_2 ( AbraconTemp500Sensor ) ,°C,211.66867875118015
11919b73-12d3-4cc8-abec-87215de9d1e0,2023-11-27 17:52:57.19,Test_Raum_2 ( AbraconTemp500Sensor ) ,°C,98.40217773605076
0afdc766-d28a-4011-9146-46a656aa8d19,2023-11-27 17:52:57.202,Test_Raum_2 ( AbraconTemp500Sensor ) ,°C,-0.4393391557081543
3a19bb3c-c395-490a-ad4e-0fe05f37b596,2023-11-27 17:52:57.21,Test_Raum_2 ( AbraconTemp500Sensor ) ,°C,-148.91462344274464
e80a4c2b-1af4-4761-9093-76d4cc3c1702,2023-11-27 17:52:57.221,Test_Raum_2 ( AbraconTemp500Sensor ) ,°C,-142.06115653465545
4cde4f8b-f69b-43bf-8e2c-0de958835cff,2023-11-27 17:52:57.231,Test_Raum_2 ( AbraconTemp500Sensor ) ,°C,151.3525604805635
fb9a9bb9-18a3-4e3c-8a11-af417acf5cc5,2023-11-27 17:52:57.24,Test_Raum_2 ( AbraconTemp500Sensor ) ,°C,214.80377941559158
d1430b57-6b19-4bd1-8bc1-c5cd01b1e0bc,2023-11-27 17:52:57.252,Test_Raum_2 ( AbraconTemp500Sensor ) ,°C,6.714464805186708
d175e67f-b3bd-421c-a8fd-4dba3ab12713,2023-11-27 17:52:57.261,Test_Raum_2 ( AbraconTemp500Sensor ) ,°C,-131.2943226585552
80573b56-2217-4fac-845e-471548d9a147,2023-11-27 17:52:57.271,Test_Raum_2 ( AbraconTemp500Sensor ) ,°C,-140.90701986911589
7be9c222-ce7b-4f44-871f-89d07eb848fa,2023-11-27 17:52:57.281,Test_Raum_2 ( AbraconTemp500Sensor ) ,°C,95.02561966623028
cb03b7b6-002b-4b0c-abbe-6cf2123606d5,2023-11-27 17:52:57.292,Test_Raum_2 ( AbraconTemp500Sensor ) ,°C,126.17803065327001
71bd7569-f4ba-4dfb-ab59-76fe59d2ac19,2023-11-27 17:52:57.3,Test_Raum_2 ( AbraconTemp500Sensor ) ,°C,-44.78107858288436
c6b682aa-0ad3-45e5-a546-54ff4da1d9c2,2023-11-27 17:52:57.311,Test_Raum_2 ( AbraconTemp500Sensor ) ,°C,24.523829142686736
427652fc-6019-4478-a69e-0977457596f9,2023-11-27 17:52:57.321,Test_Raum_2 ( AbraconTemp500Sensor ) ,°C,-37.45203986609569
df518ea7-22a0-4546-93db-bc952b67b524,2023-11-27 17:52:57.33,Test_Raum_2 ( AbraconTemp500Sensor ) ,°C,60.83863296099196
3e1b326a-bd01-4ea0-9fd7-fe4a426f4b79,2023-11-27 17:52:57.34,Test_Raum_2 ( AbraconTemp500Sensor ) ,°C,-118.4293241683549
339cf74e-d73c-4bd4-94b6-21a475aacb31,2023-11-27 17:52:57.351,Test_Raum_2 ( AbraconTemp500Sensor ) ,°C,182.24192249154942
b47d6ada-4366-4204-869d-8a4714d44635,2023-11-27 17:52:57.36,Test_Raum_2 ( AbraconTemp500Sensor ) ,°C,251.81254022515736
df67ba3b-810c-4c48-bfb2-9fc28a309ad2,2023-11-27 17:52:57.371,Test_Raum_2 ( AbraconTemp500Sensor ) ,°C,-149.98773363357475
c42e6045-30ca-46e5-911d-58f19076d188,2023-11-27 17:52:57.381,Test_Raum_2 ( AbraconTemp500Sensor ) ,°C,196.01663922377514
aee36235-5aa8-4dbf-9a65-7dbf39997730,2023-11-27 17:52:57.39,Test_Raum_2 ( AbraconTemp500Sensor ) ,°C,62.7401234388137
a9988957-7824-4935-a97b-308c721ba155,2023-11-27 17:52:57.401,Test_Raum_2 ( AbraconTemp500Sensor ) ,°C,239.10558333693092
37404cb6-9c80-4190-9dba-9efd6bc437ea,2023-11-27 17:52:57.411,Test_Raum_2 ( AbraconTemp500Sensor ) ,°C,197.81047173485808
112a87f9-2e95-4546-80dd-fabea94f1290,2023-11-27 17:52:57.421,Test_Raum_2 ( AbraconTemp500Sensor ) ,°C,195.90717630143467
ef33e56c-7999-4a50-8875-9374c2c1269b,2023-11-27 17:52:57.431,Test_Raum_2 ( AbraconTemp500Sensor ) ,°C,-48.09277600080891
72ec6e41-5215-483e-bd3b-d65761b1b29e,2023-11-27 17:52:57.442,Test_Raum_2 ( AbraconTemp500Sensor ) ,°C,162.88280856955305
af71037b-c2a0-437e-88a6-4f95c8cebb9b,2023-11-27 17:52:57.451,Test_Raum_2 ( AbraconTemp500Sensor ) ,°C,110.48710825355954
c5d50d10-20ea-419a-a53d-df4f24f89f39,2023-11-27 17:52:57.461,Test_Raum_2 ( AbraconTemp500Sensor ) ,°C,-49.05779086829469
6e5a09e5-277e-48f0-898a-42115421f0c0,2023-11-27 17:52:57.47,Test_Raum_2 ( AbraconTemp500Sensor ) ,°C,210.74177938992767
958861d0-9abd-4848-8457-5da5bb613689,2023-11-27 17:52:57.481,Test_Raum_2 ( AbraconTemp500Sensor ) ,°C,22.494650252044664
4a2dde2f-cbdd-4771-a6a3-8e6b0e9343c1,2023-11-27 17:52:57.49,Test_Raum_2 ( AbraconTemp500Sensor ) ,°C,-5.577651676336558
26132eed-ca0e-44a5-a424-372b479a9705,2023-11-27 17:52:57.501,Test_Raum_2 ( AbraconTemp500Sensor ) ,°C,230.5297276993387
dc8feb6d-848d-4293-a8d7-76e5b5424b57,2023-11-27 17:52:57.511,Test_Raum_2 ( AbraconTemp500Sensor ) ,°C,47.7808126002231
308f2df2-acaf-4752-b0b8-a460cf6b5a8f,2023-11-27 17:52:57.521,Test_Raum_2 ( AbraconTemp500Sensor ) ,°C,222.1031466037553
c43a4839-d419-460f-99fa-de087c4293dc,2023-11-27 17:52:57.531,Test_Raum_2 ( AbraconTemp500Sensor ) ,°C,189.4465090790547
fa799d65-3ede-4cec-b298-f72c63cf862c,2023-11-27 17:52:57.542,Test_Raum_2 ( AbraconTemp500Sensor ) ,°C,-132.17761436689662
d26c3ae6-f587-4d67-a3c7-1a624b55c4d1,2023-11-27 17:52:57.551,Test_Raum_2 ( AbraconTemp500Sensor ) ,°C,-50.66364931792454
3f515a73-1cf4-4252-968f-964815147baf,2023-11-27 17:52:57.561,Test_Raum_2 ( AbraconTemp500Sensor ) ,°C,226.31150873424826
7952ac4a-501a-4c5f-ba4d-06e95b17b080,2023-11-27 17:52:57.571,Test_Raum_2 ( AbraconTemp500Sensor ) ,°C,213.05785631315757
be8ca882-91ce-4b29-8d36-ef0662d110ca,2023-11-27 17:52:57.581,Test_Raum_2 ( AbraconTemp500Sensor ) ,°C,-65.497182077168
2fe83491-9469-4130-a7bb-33c74bc5fa2d,2023-11-27 17:52:57.592,Test_Raum_2 ( AbraconTemp500Sensor ) ,°C,176.94433927303822
8a708a20-ac8b-4ffd-a631-1c241f34efa9,2023-11-27 17:52:57.601,Test_Raum_2 ( AbraconTemp500Sensor ) ,°C,-4.898358683461595
bebf0207-1954-481f-a511-c4aac4bfd1b8,2023-11-27 17:52:57.611,Test_Raum_2 ( AbraconTemp500Sensor ) ,°C,-3.433773351716951
de7b98a8-b232-4e67-ac13-016a3be031ca,2023-11-27 17:52:57.621,Test_Raum_2 ( AbraconTemp500Sensor ) ,°C,50.38057047360235
52c84fa5-8d8d-4bc5-8dbd-3ebc6e103e97,2023-11-27 17:52:57.631,Test_Raum_2 ( AbraconTemp500Sensor ) ,°C,160.6944127966242
cb324d49-a3f3-47bd-8c0e-a2bf9211b635,2023-11-27 17:52:57.641,Test_Raum_2 ( AbraconTemp500Sensor ) ,°C,-133.73882369322226
862818ca-f435-477e-bae5-a585a89ceeb2,2023-11-27 17:52:57.651,Test_Raum_2 ( AbraconTemp500Sensor ) ,°C,-61.524171816237015
124a135b-83d9-4c9a-86dd-d5141124c264,2023-11-27 17:52:57.661,Test_Raum_2 ( AbraconTemp500Sensor ) ,°C,-74.29119489776527
106a33bc-6023-4254-bccb-f6d25c7d3454,2023-11-27 17:52:57.671,Test_Raum_2 ( AbraconTemp500Sensor ) ,°C,254.28506660755977
8a65e076-4485-404f-91a7-6510a63b26d9,2023-11-27 17:52:57.682,Test_Raum_2 ( AbraconTemp500Sensor ) ,°C,245.58526054981343
ded8ac51-0a96-4193-ab5e-96963058d639,2023-11-27 17:52:57.691,Test_Raum_2 ( AbraconTemp500Sensor ) ,°C,241.41094718532122
b395b653-b34a-4560-bcff-c1ec88fd8693,2023-11-27 17:52:57.701,Test_Raum_2 ( AbraconTemp500Sensor ) ,°C,106.6700827070868
409037ef-8fcf-48f4-8acf-e68621e708d8,2023-11-27 17:52:57.711,Test_Raum_2 ( AbraconTemp500Sensor ) ,°C,35.429222325304096
f1bf8c59-ef9a-4b1c-930b-5c89d3a232e3,2023-11-27 17:52:57.72,Test_Raum_2 ( AbraconTemp500Sensor ) ,°C,29.724326458978652
f50b739b-8788-485e-b8aa-58a1897f21b5,2023-11-27 17:52:57.731,Test_Raum_2 ( AbraconTemp500Sensor ) ,°C,-85.94687461945826
06137529-4a10-40c6-bc09-eea21c547dd7,2023-11-27 17:52:57.741,Test_Raum_2 ( AbraconTemp500Sensor ) ,°C,204.3775141653707
ebb3a94f-cbd6-4351-bb61-aa693c300f98,2023-11-27 17:52:57.752,Test_Raum_2 ( AbraconTemp500Sensor ) ,°C,-103.30368796359105
ac8dc065-bc92-4651-ad5d-ddb290c68fbc,2023-11-27 17:52:57.761,Test_Raum_2 ( AbraconTemp500Sensor ) ,°C,-86.32354462673703
5a090bde-4fa3-43dd-9b30-13661e393923,2023-11-27 17:52:57.77,Test_Raum_2 ( AbraconTemp500Sensor ) ,°C,108.01196596658599
523c1c7c-f8ec-4932-a30b-261eba4743ff,2023-11-27 17:52:57.781,Test_Raum_2 ( AbraconTemp500Sensor ) ,°C,145.41991235936507
0802e2e0-5d45-4f58-ab8b-a5814e5cb050,2023-11-27 17:52:57.79,Test_Raum_2 ( AbraconTemp500Sensor ) ,°C,60.34126426821149
19a2aeea-3e5e-49c8-83d6-c3d673b65747,2023-11-27 17:52:57.802,Test_Raum_2 ( AbraconTemp500Sensor ) ,°C,230.00416080755969
ebd136c3-8d4e-491c-b080-488f71eba457,2023-11-27 17:52:57.81,Test_Raum_2 ( AbraconTemp500Sensor ) ,°C,84.73840168108703
a8c7b4a9-f73f-430f-8443-c71e7ccd7f54,2023-11-27 17:52:57.82,Test_Raum_2 ( AbraconTemp500Sensor ) ,°C,-103.69552189274154
eb188f11-390b-48d3-b6fd-f9d6c28a6825,2023-11-27 17:52:57.832,Test_Raum_2 ( AbraconTemp500Sensor ) ,°C,125.90320280115259
cfa066d8-6f77-4f15-9ee1-e55901a18be4,2023-11-27 17:52:57.841,Test_Raum_2 ( AbraconTemp500Sensor ) ,°C,38.80157600307962
400cc24a-09df-4671-a319-292f55b43dd5,2023-11-27 17:52:57.853,Test_Raum_2 ( AbraconTemp500Sensor ) ,°C,67.20811714236496
2afe4b27-5e5a-470b-a32b-cbce726c3fd8,2023-11-27 17:52:57.861,Test_Raum_2 ( AbraconTemp500Sensor ) ,°C,209.27437796793407
4e05ae10-1d3d-496f-bb0a-a46762ac482f,2023-11-27 17:52:57.87,Test_Raum_2 ( AbraconTemp500Sensor ) ,°C,-59.75123838208381
9bfeedcb-7147-4575-ac1d-b29384093b28,2023-11-27 17:52:57.881,Test_Raum_2 ( AbraconTemp500Sensor ) ,°C,-36.90691034686901
af39ea2e-1099-4c39-81c5-ca8a12676ae9,2023-11-27 17:52:57.892,Test_Raum_2 ( AbraconTemp500Sensor ) ,°C,257.8075321095475
039f89aa-3270-4004-b82c-a27e5db719df,2023-11-27 17:52:57.901,Test_Raum_2 ( AbraconTemp500Sensor ) ,°C,51.41739928637713
58a33884-a82d-421a-9437-0a90d047aa83,2023-11-27 17:52:57.909,Test_Raum_2 ( AbraconTemp500Sensor ) ,°C,149.10213935625325
9d2004e4-dbac-4243-9a08-250a3ab799b2,2023-11-27 17:52:57.921,Test_Raum_2 ( AbraconTemp500Sensor ) ,°C,-108.54572006502585
12f42f3d-7239-473c-bd37-407a0b675312,2023-11-27 17:52:57.932,Test_Raum_2 ( AbraconTemp500Sensor ) ,°C,-135.74084494028273
975ccf73-e598-4f18-8a4c-180d61565f23,2023-11-27 17:52:57.941,Test_Raum_2 ( AbraconTemp500Sensor ) ,°C,3.9209558213152604
b5a040a5-ea06-463b-969b-a8a040c5d732,2023-11-27 17:52:57.951,Test_Raum_2 ( AbraconTemp500Sensor ) ,°C,-146.54252634011752
db546657-ceb1-4b69-8eeb-a8b78ce54d1e,2023-11-27 17:52:57.961,Test_Raum_2 ( AbraconTemp500Sensor ) ,°C,49.738311274335814
74c5bccc-9044-4730-b066-41452b2226ab,2023-11-27 17:52:57.971,Test_Raum_2 ( AbraconTemp500Sensor ) ,°C,160.0182640151071
2fff04a1-89e7-4343-b97e-fe43381388f7,2023-11-27 17:52:57.982,Test_Raum_2 ( AbraconTemp500Sensor ) ,°C,30.474400614468152
20db40bb-54a8-4b68-a726-a99e1b23db1d,2023-11-27 17:52:57.99,Test_Raum_2 ( AbraconTemp500Sensor ) ,°C,-79.01698184400257
b8c0d01c-e144-444b-9ebe-7a6f051058c1,2023-11-27 17:52:58.002,Test_Raum_2 ( AbraconTemp500Sensor ) ,°C,-123.21572146102366
e2d47e10-1399-41bd-b1cf-47140ee9421f,2023-11-27 17:52:58.01,Test_Raum_2 ( AbraconTemp500Sensor ) ,°C,-16.34690830680509
901b9fa1-ec64-4b60-aa73-37d76d247ec1,2023-11-27 17:52:58.02,Test_Raum_2 ( AbraconTemp500Sensor ) ,°C,-149.636783955416
e0cc3b2f-c28f-492d-a497-52a946f045b7,2023-11-27 17:52:58.032,Test_Raum_2 ( AbraconTemp500Sensor ) ,°C,234.12268382565742
8860301c-6d9f-4331-ad04-17272e2c8370,2023-11-27 17:52:58.04,Test_Raum_2 ( AbraconTemp500Sensor ) ,°C,136.83633462376247
95b4b520-4f67-4308-8db7-83813d3fea33,2023-11-27 17:52:58.051,Test_Raum_2 ( AbraconTemp500Sensor ) ,°C,9.605011540877769
2821fc5f-edad-4496-accc-67fc890b6189,2023-11-27 17:52:58.061,Test_Raum_2 ( AbraconTemp500Sensor ) ,°C,-2.2760917852973535
f5194333-f237-436a-bba4-789ea202f366,2023-11-27 17:52:58.071,Test_Raum_2 ( AbraconTemp500Sensor ) ,°C,-122.81390497463408
31ffcaa0-c18c-4ad8-bf57-d003626411dd,2023-11-27 17:52:58.081,Test_Raum_2 ( AbraconTemp500Sensor ) ,°C,247.82357542342106
e25265c9-4b43-466c-b5b3-97392000732f,2023-11-27 17:52:58.091,Test_Raum_2 ( AbraconTemp500Sensor ) ,°C,84.14482608994035
a9c096a9-f562-47d6-8e7c-b0811d97b965,2023-11-27 17:52:58.102,Test_Raum_2 ( AbraconTemp500Sensor ) ,°C,-17.132662442176184
a9b8232a-0198-428d-8cd8-e18ccf34178d,2023-11-27 17:52:58.111,Test_Raum_2 ( AbraconTemp500Sensor ) ,°C,-22.617923545336424
4fb68e24-18ae-42d9-8780-a4bdd194f3c3,2023-11-27 17:52:58.121,Test_Raum_2 ( AbraconTemp500Sensor ) ,°C,151.53456273051114
a05eb3ce-3dbe-4982-aacc-bd7a60bea029,2023-11-27 17:52:58.131,Test_Raum_2 ( AbraconTemp500Sensor ) ,°C,216.99785856703306
1691e7b4-4c51-4faa-9d18-4b605be5c185,2023-11-27 17:52:58.14,Test_Raum_2 ( AbraconTemp500Sensor ) ,°C,114.91749720874833
7a1b1052-7b8b-4510-a220-e3a62caa50a0,2023-11-27 17:52:58.151,Test_Raum_2 ( AbraconTemp500Sensor ) ,°C,145.8361659354381
db9381cc-5479-4abf-b052-4b920ac29c60,2023-11-27 17:52:58.161,Test_Raum_2 ( AbraconTemp500Sensor ) ,°C,-72.55431695994295
439531d4-ddbb-4acc-a25e-b9bcee1efdbb,2023-11-27 17:52:58.171,Test_Raum_2 ( AbraconTemp500Sensor ) ,°C,138.26661580683555
da64e20b-1571-4d14-be5c-31cd7000c405,2023-11-27 17:52:58.181,Test_Raum_2 ( AbraconTemp500Sensor ) ,°C,102.88657160189484
cc15d925-7b1e-46a7-bde3-9375f2fb6414,2023-11-27 17:52:58.191,Test_Raum_2 ( AbraconTemp500Sensor ) ,°C,184.3228363257263
0e13e45c-bf4c-4aee-a9b0-623a618dfd81,2023-11-27 17:52:58.201,Test_Raum_2 ( AbraconTemp500Sensor ) ,°C,-148.74846636353186
cf76e18d-7783-4673-819d-98011e8a8853,2023-11-27 17:52:58.211,Test_Raum_2 ( AbraconTemp500Sensor ) ,°C,247.74122146519574
b820f740-ebc2-4d6b-afe5-dea61430e95b,2023-11-27 17:52:58.221,Test_Raum_2 ( AbraconTemp500Sensor ) ,°C,-26.723930464423546
80611e9b-c278-4ac0-9899-595b8cb31c4d,2023-11-27 17:52:58.23,Test_Raum_2 ( AbraconTemp500Sensor ) ,°C,67.01932503237387
6b95f8ae-b8e1-458a-8134-f820187c9431,2023-11-27 17:52:58.241,Test_Raum_2 ( AbraconTemp500Sensor ) ,°C,113.15535346637279
ae80ebcf-6d57-4143-8db7-61dea91bbba4,2023-11-27 17:52:58.251,Test_Raum_2 ( AbraconTemp500Sensor ) ,°C,230.1658082447857
41b417d9-fe45-48d1-8c6a-38278191049c,2023-11-27 17:52:58.261,Test_Raum_2 ( AbraconTemp500Sensor ) ,°C,249.9268211026406
f045f6f5-08e8-45e4-8359-f788bfd136e3,2023-11-27 17:52:58.271,Test_Raum_2 ( AbraconTemp500Sensor ) ,°C,208.07660732629915
bde8dd5b-7d5a-4c86-ab9c-a8a6aab8d4d0,2023-11-27 17:52:58.282,Test_Raum_2 ( AbraconTemp500Sensor ) ,°C,29.213540675463747
d1be5859-8347-4a38-97d4-c96ad9369e51,2023-11-27 17:52:58.29,Test_Raum_2 ( AbraconTemp500Sensor ) ,°C,-27.963784294728356
3f90549f-f838-47fb-93f1-6b6cf67e303a,2023-11-27 17:52:58.301,Test_Raum_2 ( AbraconTemp500Sensor ) ,°C,57.716602436064676
3b84a455-3b27-4ba5-b6b0-6fbb59787884,2023-11-27 17:52:58.311,Test_Raum_2 ( AbraconTemp500Sensor ) ,°C,-83.1666152487776
fc32311c-a767-4c48-bbbf-92922dfc2269,2023-11-27 17:52:58.32,Test_Raum_2 ( AbraconTemp500Sensor ) ,°C,210.93965775448868
b8443d34-fce0-425d-840f-55f0f86e2ac0,2023-11-27 17:52:58.331,Test_Raum_2 ( AbraconTemp500Sensor ) ,°C,80.11340781275666
f9a545c6-b95d-4402-a1e6-d086a5df90e7,2023-11-27 17:52:58.342,Test_Raum_2 ( AbraconTemp500Sensor ) ,°C,69.66241313918587
d0434ea5-fa5c-430f-a1d9-c4b2e5d3365e,2023-11-27 17:52:58.35,Test_Raum_2 ( AbraconTemp500Sensor ) ,°C,-62.47726822956683
c8cb39f2-70b8-4a9e-ab37-e78a13f51aa1,2023-11-27 17:52:58.361,Test_Raum_2 ( AbraconTemp500Sensor ) ,°C,-130.21658296703524
c93c3867-2773-4cc5-979f-ee15a4768ff7,2023-11-27 17:52:58.372,Test_Raum_2 ( AbraconTemp500Sensor ) ,°C,194.74001834313322
3644f5b6-9184-403c-a2c1-bd2370f20e0c,2023-11-27 17:52:58.381,Test_Raum_2 ( AbraconTemp500Sensor ) ,°C,-52.30605301726213
72e879ac-1b80-4922-a5ed-7d1b200b0d00,2023-11-27 17:52:58.391,Test_Raum_2 ( AbraconTemp500Sensor ) ,°C,13.542993362614254
d606572a-6d51-42ea-b47a-31f3b6e86886,2023-11-27 17:52:58.399,Test_Raum_2 ( AbraconTemp500Sensor ) ,°C,-89.31711792177977
